PRAGMA foreign_keys=OFF;
BEGIN TRANSACTION;
CREATE TABLE IF NOT EXISTS "django_migrations" ("id" integer NOT NULL PRIMARY KEY AUTOINCREMENT, "app" varchar(255) NOT NULL, "name" varchar(255) NOT NULL, "applied" datetime NOT NULL);
INSERT INTO django_migrations VALUES(1,'contenttypes','0001_initial','2022-02-24 01:13:36.496217');
INSERT INTO django_migrations VALUES(2,'auth','0001_initial','2022-02-24 01:13:36.516511');
INSERT INTO django_migrations VALUES(3,'admin','0001_initial','2022-02-24 01:13:36.527105');
INSERT INTO django_migrations VALUES(4,'admin','0002_logentry_remove_auto_add','2022-02-24 01:13:36.538609');
INSERT INTO django_migrations VALUES(5,'admin','0003_logentry_add_action_flag_choices','2022-02-24 01:13:36.549834');
INSERT INTO django_migrations VALUES(6,'contenttypes','0002_remove_content_type_name','2022-02-24 01:13:36.569990');
INSERT INTO django_migrations VALUES(7,'auth','0002_alter_permission_name_max_length','2022-02-24 01:13:36.580522');
INSERT INTO django_migrations VALUES(8,'auth','0003_alter_user_email_max_length','2022-02-24 01:13:36.594212');
INSERT INTO django_migrations VALUES(9,'auth','0004_alter_user_username_opts','2022-02-24 01:13:36.601411');
INSERT INTO django_migrations VALUES(10,'auth','0005_alter_user_last_login_null','2022-02-24 01:13:36.612617');
INSERT INTO django_migrations VALUES(11,'auth','0006_require_contenttypes_0002','2022-02-24 01:13:36.614954');
INSERT INTO django_migrations VALUES(12,'auth','0007_alter_validators_add_error_messages','2022-02-24 01:13:36.623898');
INSERT INTO django_migrations VALUES(13,'auth','0008_alter_user_username_max_length','2022-02-24 01:13:36.636121');
INSERT INTO django_migrations VALUES(14,'auth','0009_alter_user_last_name_max_length','2022-02-24 01:13:36.649985');
INSERT INTO django_migrations VALUES(15,'auth','0010_alter_group_name_max_length','2022-02-24 01:13:36.660947');
INSERT INTO django_migrations VALUES(16,'auth','0011_update_proxy_permissions','2022-02-24 01:13:36.668391');
INSERT INTO django_migrations VALUES(17,'auth','0012_alter_user_first_name_max_length','2022-02-24 01:13:36.680179');
INSERT INTO django_migrations VALUES(18,'api','0001_initial','2022-02-24 01:13:36.712308');
INSERT INTO django_migrations VALUES(19,'api','0002_auto_20220124_2356','2022-02-24 01:13:36.825979');
INSERT INTO django_migrations VALUES(20,'api','0003_rename_meta_table_prefix_table','2022-02-24 01:13:36.846025');
INSERT INTO django_migrations VALUES(21,'api','0004_auto_20220224_0050','2022-02-24 01:13:36.992889');
INSERT INTO django_migrations VALUES(22,'authtoken','0001_initial','2022-02-24 01:13:37.012924');
INSERT INTO django_migrations VALUES(23,'authtoken','0002_auto_20160226_1747','2022-02-24 01:13:37.084069');
INSERT INTO django_migrations VALUES(24,'authtoken','0003_tokenproxy','2022-02-24 01:13:37.093157');
INSERT INTO django_migrations VALUES(25,'guardian','0001_initial','2022-02-24 01:13:37.165347');
INSERT INTO django_migrations VALUES(26,'guardian','0002_generic_permissions_index','2022-02-24 01:13:37.196167');
INSERT INTO django_migrations VALUES(27,'sessions','0001_initial','2022-02-24 01:13:37.202403');
CREATE TABLE IF NOT EXISTS "auth_group_permissions" ("id" integer NOT NULL PRIMARY KEY AUTOINCREMENT, "group_id" integer NOT NULL REFERENCES "auth_group" ("id") DEFERRABLE INITIALLY DEFERRED, "permission_id" integer NOT NULL REFERENCES "auth_permission" ("id") DEFERRABLE INITIALLY DEFERRED);
INSERT INTO auth_group_permissions VALUES(1,2,49);
INSERT INTO auth_group_permissions VALUES(2,2,50);
INSERT INTO auth_group_permissions VALUES(3,2,51);
INSERT INTO auth_group_permissions VALUES(4,2,52);
INSERT INTO auth_group_permissions VALUES(5,2,53);
INSERT INTO auth_group_permissions VALUES(6,2,54);
INSERT INTO auth_group_permissions VALUES(7,5,9);
INSERT INTO auth_group_permissions VALUES(8,5,10);
INSERT INTO auth_group_permissions VALUES(9,5,11);
INSERT INTO auth_group_permissions VALUES(10,5,12);
INSERT INTO auth_group_permissions VALUES(11,6,45);
INSERT INTO auth_group_permissions VALUES(12,6,46);
INSERT INTO auth_group_permissions VALUES(13,6,47);
INSERT INTO auth_group_permissions VALUES(14,6,48);
CREATE TABLE IF NOT EXISTS "auth_user_groups" ("id" integer NOT NULL PRIMARY KEY AUTOINCREMENT, "user_id" integer NOT NULL REFERENCES "auth_user" ("id") DEFERRABLE INITIALLY DEFERRED, "group_id" integer NOT NULL REFERENCES "auth_group" ("id") DEFERRABLE INITIALLY DEFERRED);
INSERT INTO auth_user_groups VALUES(1,1,1);
INSERT INTO auth_user_groups VALUES(2,2,2);
INSERT INTO auth_user_groups VALUES(3,3,3);
INSERT INTO auth_user_groups VALUES(4,4,4);
INSERT INTO auth_user_groups VALUES(5,4,1);
INSERT INTO auth_user_groups VALUES(6,4,2);
INSERT INTO auth_user_groups VALUES(9,4,3);
INSERT INTO auth_user_groups VALUES(11,4,5);
INSERT INTO auth_user_groups VALUES(12,4,6);
INSERT INTO auth_user_groups VALUES(13,5,7);
INSERT INTO auth_user_groups VALUES(14,5,1);
INSERT INTO auth_user_groups VALUES(15,5,2);
INSERT INTO auth_user_groups VALUES(16,6,8);
INSERT INTO auth_user_groups VALUES(17,6,1);
INSERT INTO auth_user_groups VALUES(18,6,2);
INSERT INTO auth_user_groups VALUES(19,7,9);
INSERT INTO auth_user_groups VALUES(20,7,1);
INSERT INTO auth_user_groups VALUES(21,7,2);
INSERT INTO auth_user_groups VALUES(24,8,10);
INSERT INTO auth_user_groups VALUES(25,8,1);
INSERT INTO auth_user_groups VALUES(26,8,2);
INSERT INTO auth_user_groups VALUES(29,9,11);
INSERT INTO auth_user_groups VALUES(30,9,1);
INSERT INTO auth_user_groups VALUES(31,9,2);
CREATE TABLE IF NOT EXISTS "auth_user_user_permissions" ("id" integer NOT NULL PRIMARY KEY AUTOINCREMENT, "user_id" integer NOT NULL REFERENCES "auth_user" ("id") DEFERRABLE INITIALLY DEFERRED, "permission_id" integer NOT NULL REFERENCES "auth_permission" ("id") DEFERRABLE INITIALLY DEFERRED);
INSERT INTO auth_user_user_permissions VALUES(1,2,49);
INSERT INTO auth_user_user_permissions VALUES(2,2,50);
INSERT INTO auth_user_user_permissions VALUES(3,2,51);
INSERT INTO auth_user_user_permissions VALUES(4,2,52);
INSERT INTO auth_user_user_permissions VALUES(5,2,53);
INSERT INTO auth_user_user_permissions VALUES(6,2,54);
CREATE TABLE IF NOT EXISTS "django_admin_log" ("id" integer NOT NULL PRIMARY KEY AUTOINCREMENT, "action_time" datetime NOT NULL, "object_id" text NULL, "object_repr" varchar(200) NOT NULL, "change_message" text NOT NULL, "content_type_id" integer NULL REFERENCES "django_content_type" ("id") DEFERRABLE INITIALLY DEFERRED, "user_id" integer NOT NULL REFERENCES "auth_user" ("id") DEFERRABLE INITIALLY DEFERRED, "action_flag" smallint unsigned NOT NULL CHECK ("action_flag" >= 0));
CREATE TABLE IF NOT EXISTS "django_content_type" ("id" integer NOT NULL PRIMARY KEY AUTOINCREMENT, "app_label" varchar(100) NOT NULL, "model" varchar(100) NOT NULL);
INSERT INTO django_content_type VALUES(1,'admin','logentry');
INSERT INTO django_content_type VALUES(2,'auth','permission');
INSERT INTO django_content_type VALUES(3,'auth','group');
INSERT INTO django_content_type VALUES(4,'auth','user');
INSERT INTO django_content_type VALUES(5,'contenttypes','contenttype');
INSERT INTO django_content_type VALUES(6,'sessions','session');
INSERT INTO django_content_type VALUES(7,'authtoken','token');
INSERT INTO django_content_type VALUES(8,'authtoken','tokenproxy');
INSERT INTO django_content_type VALUES(9,'api','bco');
INSERT INTO django_content_type VALUES(10,'api','groupinfo');
INSERT INTO django_content_type VALUES(11,'api','newusers');
INSERT INTO django_content_type VALUES(12,'api','prefix');
INSERT INTO django_content_type VALUES(13,'guardian','groupobjectpermission');
INSERT INTO django_content_type VALUES(14,'guardian','userobjectpermission');
CREATE TABLE IF NOT EXISTS "auth_permission" ("id" integer NOT NULL PRIMARY KEY AUTOINCREMENT, "content_type_id" integer NOT NULL REFERENCES "django_content_type" ("id") DEFERRABLE INITIALLY DEFERRED, "codename" varchar(100) NOT NULL, "name" varchar(255) NOT NULL);
INSERT INTO auth_permission VALUES(1,1,'add_logentry','Can add log entry');
INSERT INTO auth_permission VALUES(2,1,'change_logentry','Can change log entry');
INSERT INTO auth_permission VALUES(3,1,'delete_logentry','Can delete log entry');
INSERT INTO auth_permission VALUES(4,1,'view_logentry','Can view log entry');
INSERT INTO auth_permission VALUES(5,2,'add_permission','Can add permission');
INSERT INTO auth_permission VALUES(6,2,'change_permission','Can change permission');
INSERT INTO auth_permission VALUES(7,2,'delete_permission','Can delete permission');
INSERT INTO auth_permission VALUES(8,2,'view_permission','Can view permission');
INSERT INTO auth_permission VALUES(9,3,'add_group','Can add group');
INSERT INTO auth_permission VALUES(10,3,'change_group','Can change group');
INSERT INTO auth_permission VALUES(11,3,'delete_group','Can delete group');
INSERT INTO auth_permission VALUES(12,3,'view_group','Can view group');
INSERT INTO auth_permission VALUES(13,4,'add_user','Can add user');
INSERT INTO auth_permission VALUES(14,4,'change_user','Can change user');
INSERT INTO auth_permission VALUES(15,4,'delete_user','Can delete user');
INSERT INTO auth_permission VALUES(16,4,'view_user','Can view user');
INSERT INTO auth_permission VALUES(17,5,'add_contenttype','Can add content type');
INSERT INTO auth_permission VALUES(18,5,'change_contenttype','Can change content type');
INSERT INTO auth_permission VALUES(19,5,'delete_contenttype','Can delete content type');
INSERT INTO auth_permission VALUES(20,5,'view_contenttype','Can view content type');
INSERT INTO auth_permission VALUES(21,6,'add_session','Can add session');
INSERT INTO auth_permission VALUES(22,6,'change_session','Can change session');
INSERT INTO auth_permission VALUES(23,6,'delete_session','Can delete session');
INSERT INTO auth_permission VALUES(24,6,'view_session','Can view session');
INSERT INTO auth_permission VALUES(25,7,'add_token','Can add Token');
INSERT INTO auth_permission VALUES(26,7,'change_token','Can change Token');
INSERT INTO auth_permission VALUES(27,7,'delete_token','Can delete Token');
INSERT INTO auth_permission VALUES(28,7,'view_token','Can view Token');
INSERT INTO auth_permission VALUES(29,8,'add_tokenproxy','Can add token');
INSERT INTO auth_permission VALUES(30,8,'change_tokenproxy','Can change token');
INSERT INTO auth_permission VALUES(31,8,'delete_tokenproxy','Can delete token');
INSERT INTO auth_permission VALUES(32,8,'view_tokenproxy','Can view token');
INSERT INTO auth_permission VALUES(33,9,'add_bco','Can add bco');
INSERT INTO auth_permission VALUES(34,9,'change_bco','Can change bco');
INSERT INTO auth_permission VALUES(35,9,'delete_bco','Can delete bco');
INSERT INTO auth_permission VALUES(36,9,'view_bco','Can view bco');
INSERT INTO auth_permission VALUES(37,10,'add_groupinfo','Can add group info');
INSERT INTO auth_permission VALUES(38,10,'change_groupinfo','Can change group info');
INSERT INTO auth_permission VALUES(39,10,'delete_groupinfo','Can delete group info');
INSERT INTO auth_permission VALUES(40,10,'view_groupinfo','Can view group info');
INSERT INTO auth_permission VALUES(41,11,'add_newusers','Can add new users');
INSERT INTO auth_permission VALUES(42,11,'change_newusers','Can change new users');
INSERT INTO auth_permission VALUES(43,11,'delete_newusers','Can delete new users');
INSERT INTO auth_permission VALUES(44,11,'view_newusers','Can view new users');
INSERT INTO auth_permission VALUES(45,12,'add_prefix','Can add prefix');
INSERT INTO auth_permission VALUES(46,12,'change_prefix','Can change prefix');
INSERT INTO auth_permission VALUES(47,12,'delete_prefix','Can delete prefix');
INSERT INTO auth_permission VALUES(48,12,'view_prefix','Can view prefix');
INSERT INTO auth_permission VALUES(49,9,'add_BCO','Can add BCOs with prefix BCO');
INSERT INTO auth_permission VALUES(50,9,'change_BCO','Can change BCOs with prefix BCO');
INSERT INTO auth_permission VALUES(51,9,'delete_BCO','Can delete BCOs with prefix BCO');
INSERT INTO auth_permission VALUES(52,9,'view_BCO','Can view BCOs with prefix BCO');
INSERT INTO auth_permission VALUES(53,9,'draft_BCO','Can draft BCOs with prefix BCO');
INSERT INTO auth_permission VALUES(54,9,'publish_BCO','Can publish BCOs with prefix BCO');
INSERT INTO auth_permission VALUES(55,13,'add_groupobjectpermission','Can add group object permission');
INSERT INTO auth_permission VALUES(56,13,'change_groupobjectpermission','Can change group object permission');
INSERT INTO auth_permission VALUES(57,13,'delete_groupobjectpermission','Can delete group object permission');
INSERT INTO auth_permission VALUES(58,13,'view_groupobjectpermission','Can view group object permission');
INSERT INTO auth_permission VALUES(59,14,'add_userobjectpermission','Can add user object permission');
INSERT INTO auth_permission VALUES(60,14,'change_userobjectpermission','Can change user object permission');
INSERT INTO auth_permission VALUES(61,14,'delete_userobjectpermission','Can delete user object permission');
INSERT INTO auth_permission VALUES(62,14,'view_userobjectpermission','Can view user object permission');
CREATE TABLE IF NOT EXISTS "auth_group" ("id" integer NOT NULL PRIMARY KEY AUTOINCREMENT, "name" varchar(150) NOT NULL UNIQUE);
INSERT INTO auth_group VALUES(1,'bco_drafter');
INSERT INTO auth_group VALUES(2,'bco_publisher');
INSERT INTO auth_group VALUES(3,'anon');
INSERT INTO auth_group VALUES(4,'wheel');
INSERT INTO auth_group VALUES(5,'group_admins');
INSERT INTO auth_group VALUES(6,'prefix_admins');
INSERT INTO auth_group VALUES(7,'AnonymousUser');
INSERT INTO auth_group VALUES(8,'bco_api_user');
INSERT INTO auth_group VALUES(9,'test96');
INSERT INTO auth_group VALUES(10,'jdoe66');
INSERT INTO auth_group VALUES(11,'hivelab69');
CREATE TABLE IF NOT EXISTS "auth_user" ("id" integer NOT NULL PRIMARY KEY AUTOINCREMENT, "password" varchar(128) NOT NULL, "last_login" datetime NULL, "is_superuser" bool NOT NULL, "username" varchar(150) NOT NULL UNIQUE, "last_name" varchar(150) NOT NULL, "email" varchar(254) NOT NULL, "is_staff" bool NOT NULL, "is_active" bool NOT NULL, "date_joined" datetime NOT NULL, "first_name" varchar(150) NOT NULL);
INSERT INTO auth_user VALUES(1,'!cFZ34EOa40eT4NGzlsKToBW4kWZ4THc0sCtT03vA',NULL,0,'bco_drafter','','',0,1,'2022-02-24 01:13:37.280133','');
INSERT INTO auth_user VALUES(2,'!Y7VWkXbdnfbt5HVH7yupSP4ngcGoPRobaxN0AieY',NULL,0,'bco_publisher','','',0,1,'2022-02-24 01:13:37.290751','');
INSERT INTO auth_user VALUES(3,'!ODDYdUtfQIVxlrSXxL9lEt0MPNCz65YAmjrQnysj',NULL,0,'anon','','',0,1,'2022-02-24 01:13:37.299675','');
INSERT INTO auth_user VALUES(4,'pbkdf2_sha256$260000$DnZBPkwF9DMoLYx6jeYrrh$TzArYXrTW3avNp6hm4lnJEOtrHGkGu7/x4ZVc5L+aJU=',NULL,1,'wheel','','',1,1,'2022-02-24 01:13:37.309024','');
INSERT INTO auth_user VALUES(5,'!tWCJrr7K0N49evU2rlqkzaBAt7ED8fikMJGwQxob',NULL,0,'AnonymousUser','','',0,1,'2022-02-24 01:13:37.591565','');
INSERT INTO auth_user VALUES(6,'pbkdf2_sha256$260000$LMt56Canzzql1H42TIYYYN$9CUYmtsIEkZcvoTl+00ieS6BVd2BUa4bhItX7uhdfWQ=','2022-02-24 16:37:03.111189',1,'bco_api_user','','bco@bco.org',1,1,'2022-02-24 01:13:59.759481','');
INSERT INTO auth_user VALUES(7,'pbkdf2_sha256$260000$06FMpjC9gSwqSNVptJjQPi$Pc7dKc7ALiT0rJmBkPGjyIGcREaXCXb6l1Z/6n7PhAo=',NULL,0,'test96','','',0,1,'2022-02-24 12:25:35.042724','');
INSERT INTO auth_user VALUES(8,'pbkdf2_sha256$260000$qAOV8LpTT8C2Lvu0bMQNMW$CZU5ci3iEJa+/xZate+0ukWshV+fE3iz20Xd8SwH7m0=',NULL,0,'jdoe66','','',0,1,'2022-02-24 12:28:57.662763','');
INSERT INTO auth_user VALUES(9,'pbkdf2_sha256$260000$yBebyXm8vLGy0VpJtwc8YI$SMDUmn14Ky11rcEwxFVI1pLe7pat2hO3CP3tzEXPUzc=',NULL,0,'hivelab69','','',0,1,'2022-02-24 12:31:40.262596','');
CREATE TABLE IF NOT EXISTS "api_groupinfo" ("group_id" varchar(150) NOT NULL PRIMARY KEY REFERENCES "auth_group" ("name") DEFERRABLE INITIALLY DEFERRED, "delete_members_on_group_deletion" bool NOT NULL, "description" text NOT NULL, "expiration" datetime NULL, "max_n_members" integer NULL, "owner_user_id" varchar(150) NOT NULL REFERENCES "auth_user" ("username") DEFERRABLE INITIALLY DEFERRED);
CREATE TABLE IF NOT EXISTS "api_newusers" ("email" varchar(254) NOT NULL PRIMARY KEY, "temp_identifier" text NOT NULL, "token" text NULL, "hostname" text NULL, "created" datetime NOT NULL);
CREATE TABLE IF NOT EXISTS "api_prefix" ("prefix" varchar(5) NOT NULL PRIMARY KEY, "certifying_server" text NULL, "certifying_key" text NULL, "created" datetime NULL, "description" text NULL, "expires" datetime NULL, "n_objects" integer NOT NULL, "created_by_id" varchar(150) NOT NULL REFERENCES "auth_user" ("username") DEFERRABLE INITIALLY DEFERRED, "owner_group_id" varchar(150) NOT NULL REFERENCES "auth_group" ("name") DEFERRABLE INITIALLY DEFERRED, "owner_user_id" varchar(150) NOT NULL REFERENCES "auth_user" ("username") DEFERRABLE INITIALLY DEFERRED);
INSERT INTO api_prefix VALUES('BCO',NULL,NULL,'2022-02-24 01:13:37.474533',NULL,NULL,0,'bco_publisher','bco_publisher','bco_publisher');
CREATE TABLE IF NOT EXISTS "api_bco" ("id" integer NOT NULL PRIMARY KEY AUTOINCREMENT, "contents" text NOT NULL CHECK ((JSON_VALID("contents") OR "contents" IS NULL)), "object_class" text NULL, "object_id" text NOT NULL, "schema" text NOT NULL, "state" text NOT NULL, "last_update" datetime NOT NULL, "owner_group_id" varchar(150) NULL REFERENCES "auth_group" ("name") DEFERRABLE INITIALLY DEFERRED, "owner_user_id" varchar(150) NULL REFERENCES "auth_user" ("username") DEFERRABLE INITIALLY DEFERRED, "prefix_id" varchar(5) NOT NULL REFERENCES "api_prefix" ("prefix") DEFERRABLE INITIALLY DEFERRED);
CREATE TABLE IF NOT EXISTS "authtoken_token" ("key" varchar(40) NOT NULL PRIMARY KEY, "created" datetime NOT NULL, "user_id" integer NOT NULL UNIQUE REFERENCES "auth_user" ("id") DEFERRABLE INITIALLY DEFERRED);
INSERT INTO authtoken_token VALUES('8c35c92203cb335b87aab42fdbf66b05b1d78380','2022-02-24 01:13:37.287960',1);
INSERT INTO authtoken_token VALUES('e83a6188ce29c73951da9f7e0e514139d0ee5139','2022-02-24 01:13:37.297426',2);
INSERT INTO authtoken_token VALUES('627626823549f787c3ec763ff687169206626149','2022-02-24 01:13:37.306854',3);
INSERT INTO authtoken_token VALUES('314da130f8fd58ab16cce788575326d9f4ed0409','2022-02-24 01:13:37.466839',4);
INSERT INTO authtoken_token VALUES('dd7baace2b2dcf1be51a6b8a807cbf5f58a66f00','2022-02-24 01:13:37.608494',5);
INSERT INTO authtoken_token VALUES('1102ba0bf414fdffb546c29478baa3b78309f550','2022-02-24 01:13:59.915291',6);
INSERT INTO authtoken_token VALUES('ea7d7f398544c2c7b07bf3fc508ad4ae7c0b00c6','2022-02-24 12:25:35.071181',7);
INSERT INTO authtoken_token VALUES('96047b0d7f2ca846c5a3b2b0dd2856433ea45022','2022-02-24 12:28:57.689342',8);
INSERT INTO authtoken_token VALUES('aa30fc0c199c55b88d843b8eee3845893efaab68','2022-02-24 12:31:40.298568',9);
CREATE TABLE IF NOT EXISTS "guardian_groupobjectpermission" ("id" integer NOT NULL PRIMARY KEY AUTOINCREMENT, "object_pk" varchar(255) NOT NULL, "content_type_id" integer NOT NULL REFERENCES "django_content_type" ("id") DEFERRABLE INITIALLY DEFERRED, "group_id" integer NOT NULL REFERENCES "auth_group" ("id") DEFERRABLE INITIALLY DEFERRED, "permission_id" integer NOT NULL REFERENCES "auth_permission" ("id") DEFERRABLE INITIALLY DEFERRED);
CREATE TABLE IF NOT EXISTS "guardian_userobjectpermission" ("id" integer NOT NULL PRIMARY KEY AUTOINCREMENT, "object_pk" varchar(255) NOT NULL, "content_type_id" integer NOT NULL REFERENCES "django_content_type" ("id") DEFERRABLE INITIALLY DEFERRED, "permission_id" integer NOT NULL REFERENCES "auth_permission" ("id") DEFERRABLE INITIALLY DEFERRED, "user_id" integer NOT NULL REFERENCES "auth_user" ("id") DEFERRABLE INITIALLY DEFERRED);
CREATE TABLE IF NOT EXISTS "django_session" ("session_key" varchar(40) NOT NULL PRIMARY KEY, "session_data" text NOT NULL, "expire_date" datetime NOT NULL);
INSERT INTO django_session VALUES('zd8kqsxxxh79y6kmjsi86khigkrk7fkj','.eJxVjEEOwiAQRe_C2hAoBaYu3fcMZBgGqRqalHZlvLtt0oVu_3vvv0XAbS1ha7yEKYmrcOLyu0WkJ9cDpAfW-yxprusyRXko8qRNjnPi1-10_w4KtrLXOeqkkvcRIyGZjjrWkF0GTc4axL4fLIA10ecMrAyys4AIanB2Zyw-XwspOEM:1nN2pe:C1ah58E9P2qmzeo-2eWYtGd7Yg_HCMANuniny50OipA','2022-03-10 01:22:10.009504');
INSERT INTO django_session VALUES('g4ggjz7ld2u9aq7n9o6rgrq54b1nxhju','.eJxVjEEOwiAQRe_C2hAoBaYu3fcMZBgGqRqalHZlvLtt0oVu_3vvv0XAbS1ha7yEKYmrcOLyu0WkJ9cDpAfW-yxprusyRXko8qRNjnPi1-10_w4KtrLXOeqkkvcRIyGZjjrWkF0GTc4axL4fLIA10ecMrAyys4AIanB2Zyw-XwspOEM:1nNDFx:0rCYZxgb6N1hWk43FipXlS31hEddDPCV2LjLwempMuw','2022-03-10 12:30:01.435906');
INSERT INTO django_session VALUES('9ss7llin2g6o6xnunjidu2jlmja8wlhj','.eJxVjEEOwiAQRe_C2hAoBaYu3fcMZBgGqRqalHZlvLtt0oVu_3vvv0XAbS1ha7yEKYmrcOLyu0WkJ9cDpAfW-yxprusyRXko8qRNjnPi1-10_w4KtrLXOeqkkvcRIyGZjjrWkF0GTc4axL4fLIA10ecMrAyys4AIanB2Zyw-XwspOEM:1nNH71:zCNdDJbOuYaNeG6tSmGVFyIVjMgNoklUSFSoRZ3JeFg','2022-03-10 16:37:03.115438');
DELETE FROM sqlite_sequence;
INSERT INTO sqlite_sequence VALUES('django_migrations',27);
INSERT INTO sqlite_sequence VALUES('django_admin_log',0);
INSERT INTO sqlite_sequence VALUES('django_content_type',14);
INSERT INTO sqlite_sequence VALUES('auth_permission',62);
INSERT INTO sqlite_sequence VALUES('auth_group',11);
INSERT INTO sqlite_sequence VALUES('auth_user',9);
INSERT INTO sqlite_sequence VALUES('api_bco',0);
INSERT INTO sqlite_sequence VALUES('auth_user_groups',33);
INSERT INTO sqlite_sequence VALUES('auth_user_user_permissions',6);
INSERT INTO sqlite_sequence VALUES('auth_group_permissions',14);
CREATE UNIQUE INDEX "auth_group_permissions_group_id_permission_id_0cd325b0_uniq" ON "auth_group_permissions" ("group_id", "permission_id");
CREATE INDEX "auth_group_permissions_group_id_b120cbf9" ON "auth_group_permissions" ("group_id");
CREATE INDEX "auth_group_permissions_permission_id_84c5c92e" ON "auth_group_permissions" ("permission_id");
CREATE UNIQUE INDEX "auth_user_groups_user_id_group_id_94350c0c_uniq" ON "auth_user_groups" ("user_id", "group_id");
CREATE INDEX "auth_user_groups_user_id_6a12ed8b" ON "auth_user_groups" ("user_id");
CREATE INDEX "auth_user_groups_group_id_97559544" ON "auth_user_groups" ("group_id");
CREATE UNIQUE INDEX "auth_user_user_permissions_user_id_permission_id_14a6b632_uniq" ON "auth_user_user_permissions" ("user_id", "permission_id");
CREATE INDEX "auth_user_user_permissions_user_id_a95ead1b" ON "auth_user_user_permissions" ("user_id");
CREATE INDEX "auth_user_user_permissions_permission_id_1fbb5f2c" ON "auth_user_user_permissions" ("permission_id");
CREATE INDEX "django_admin_log_content_type_id_c4bce8eb" ON "django_admin_log" ("content_type_id");
CREATE INDEX "django_admin_log_user_id_c564eba6" ON "django_admin_log" ("user_id");
CREATE UNIQUE INDEX "django_content_type_app_label_model_76bd3d3b_uniq" ON "django_content_type" ("app_label", "model");
CREATE UNIQUE INDEX "auth_permission_content_type_id_codename_01ab375a_uniq" ON "auth_permission" ("content_type_id", "codename");
CREATE INDEX "auth_permission_content_type_id_2f476e4b" ON "auth_permission" ("content_type_id");
CREATE INDEX "api_groupinfo_owner_user_id_bdcf3f3f" ON "api_groupinfo" ("owner_user_id");
CREATE INDEX "api_prefix_created_by_id_b9b75f8e" ON "api_prefix" ("created_by_id");
CREATE INDEX "api_prefix_owner_group_id_f65f0563" ON "api_prefix" ("owner_group_id");
CREATE INDEX "api_prefix_owner_user_id_b669a7dc" ON "api_prefix" ("owner_user_id");
CREATE INDEX "api_bco_owner_group_id_c313fc32" ON "api_bco" ("owner_group_id");
CREATE INDEX "api_bco_owner_user_id_0fd6de3a" ON "api_bco" ("owner_user_id");
CREATE INDEX "api_bco_prefix_id_9c1c756a" ON "api_bco" ("prefix_id");
CREATE UNIQUE INDEX "guardian_userobjectpermission_user_id_permission_id_object_pk_b0b3d2fc_uniq" ON "guardian_userobjectpermission" ("user_id", "permission_id", "object_pk");
CREATE UNIQUE INDEX "guardian_groupobjectpermission_group_id_permission_id_object_pk_3f189f7c_uniq" ON "guardian_groupobjectpermission" ("group_id", "permission_id", "object_pk");
CREATE INDEX "guardian_groupobjectpermission_content_type_id_7ade36b8" ON "guardian_groupobjectpermission" ("content_type_id");
CREATE INDEX "guardian_groupobjectpermission_group_id_4bbbfb62" ON "guardian_groupobjectpermission" ("group_id");
CREATE INDEX "guardian_groupobjectpermission_permission_id_36572738" ON "guardian_groupobjectpermission" ("permission_id");
CREATE INDEX "guardian_userobjectpermission_content_type_id_2e892405" ON "guardian_userobjectpermission" ("content_type_id");
CREATE INDEX "guardian_userobjectpermission_permission_id_71807bfc" ON "guardian_userobjectpermission" ("permission_id");
CREATE INDEX "guardian_userobjectpermission_user_id_d5c1e964" ON "guardian_userobjectpermission" ("user_id");
CREATE INDEX "guardian_gr_content_ae6aec_idx" ON "guardian_groupobjectpermission" ("content_type_id", "object_pk");
CREATE INDEX "guardian_us_content_179ed2_idx" ON "guardian_userobjectpermission" ("content_type_id", "object_pk");
CREATE INDEX "django_session_expire_date_a5c62663" ON "django_session" ("expire_date");
COMMIT;
