PRAGMA foreign_keys=OFF;
BEGIN TRANSACTION;
CREATE TABLE IF NOT EXISTS "django_migrations" ("id" integer NOT NULL PRIMARY KEY AUTOINCREMENT, "app" varchar(255) NOT NULL, "name" varchar(255) NOT NULL, "applied" datetime NOT NULL);
INSERT INTO django_migrations VALUES(1,'contenttypes','0001_initial','2022-02-22 18:13:35.155048');
INSERT INTO django_migrations VALUES(2,'auth','0001_initial','2022-02-22 18:13:35.173559');
INSERT INTO django_migrations VALUES(3,'admin','0001_initial','2022-02-22 18:13:35.184975');
INSERT INTO django_migrations VALUES(4,'admin','0002_logentry_remove_auto_add','2022-02-22 18:13:35.197420');
INSERT INTO django_migrations VALUES(5,'admin','0003_logentry_add_action_flag_choices','2022-02-22 18:13:35.208003');
INSERT INTO django_migrations VALUES(6,'contenttypes','0002_remove_content_type_name','2022-02-22 18:13:35.228027');
INSERT INTO django_migrations VALUES(7,'auth','0002_alter_permission_name_max_length','2022-02-22 18:13:35.241268');
INSERT INTO django_migrations VALUES(8,'auth','0003_alter_user_email_max_length','2022-02-22 18:13:35.252122');
INSERT INTO django_migrations VALUES(9,'auth','0004_alter_user_username_opts','2022-02-22 18:13:35.260582');
INSERT INTO django_migrations VALUES(10,'auth','0005_alter_user_last_login_null','2022-02-22 18:13:35.272044');
INSERT INTO django_migrations VALUES(11,'auth','0006_require_contenttypes_0002','2022-02-22 18:13:35.274354');
INSERT INTO django_migrations VALUES(12,'auth','0007_alter_validators_add_error_messages','2022-02-22 18:13:35.285363');
INSERT INTO django_migrations VALUES(13,'auth','0008_alter_user_username_max_length','2022-02-22 18:13:35.296219');
INSERT INTO django_migrations VALUES(14,'auth','0009_alter_user_last_name_max_length','2022-02-22 18:13:35.306787');
INSERT INTO django_migrations VALUES(15,'auth','0010_alter_group_name_max_length','2022-02-22 18:13:35.317142');
INSERT INTO django_migrations VALUES(16,'auth','0011_update_proxy_permissions','2022-02-22 18:13:35.324165');
INSERT INTO django_migrations VALUES(17,'auth','0012_alter_user_first_name_max_length','2022-02-22 18:13:35.336309');
INSERT INTO django_migrations VALUES(18,'api','0001_initial','2022-02-22 18:13:35.367004');
INSERT INTO django_migrations VALUES(19,'api','0002_auto_20220124_2356','2022-02-22 18:13:35.443481');
INSERT INTO django_migrations VALUES(20,'api','0003_rename_meta_table_prefix_table','2022-02-22 18:13:35.460981');
INSERT INTO django_migrations VALUES(21,'authtoken','0001_initial','2022-02-22 18:13:35.500973');
INSERT INTO django_migrations VALUES(22,'authtoken','0002_auto_20160226_1747','2022-02-22 18:13:35.532728');
INSERT INTO django_migrations VALUES(23,'authtoken','0003_tokenproxy','2022-02-22 18:13:35.538685');
INSERT INTO django_migrations VALUES(24,'guardian','0001_initial','2022-02-22 18:13:35.586911');
INSERT INTO django_migrations VALUES(25,'guardian','0002_generic_permissions_index','2022-02-22 18:13:35.609295');
INSERT INTO django_migrations VALUES(26,'sessions','0001_initial','2022-02-22 18:13:35.614621');
INSERT INTO django_migrations VALUES(27,'api','0004_auto_20220224_1946','2022-02-24 19:46:21.718296');
CREATE TABLE IF NOT EXISTS "auth_group_permissions" ("id" integer NOT NULL PRIMARY KEY AUTOINCREMENT, "group_id" integer NOT NULL REFERENCES "auth_group" ("id") DEFERRABLE INITIALLY DEFERRED, "permission_id" integer NOT NULL REFERENCES "auth_permission" ("id") DEFERRABLE INITIALLY DEFERRED);
INSERT INTO auth_group_permissions VALUES(1,2,53);
INSERT INTO auth_group_permissions VALUES(2,2,54);
INSERT INTO auth_group_permissions VALUES(3,2,55);
INSERT INTO auth_group_permissions VALUES(4,2,56);
INSERT INTO auth_group_permissions VALUES(5,2,57);
INSERT INTO auth_group_permissions VALUES(6,2,58);
INSERT INTO auth_group_permissions VALUES(7,5,9);
INSERT INTO auth_group_permissions VALUES(8,5,10);
INSERT INTO auth_group_permissions VALUES(9,5,11);
INSERT INTO auth_group_permissions VALUES(10,5,12);
INSERT INTO auth_group_permissions VALUES(11,6,37);
INSERT INTO auth_group_permissions VALUES(12,6,38);
INSERT INTO auth_group_permissions VALUES(13,6,39);
INSERT INTO auth_group_permissions VALUES(14,6,40);
INSERT INTO auth_group_permissions VALUES(33,8,85);
INSERT INTO auth_group_permissions VALUES(34,8,86);
INSERT INTO auth_group_permissions VALUES(35,8,87);
INSERT INTO auth_group_permissions VALUES(36,8,88);
INSERT INTO auth_group_permissions VALUES(37,8,89);
INSERT INTO auth_group_permissions VALUES(38,8,90);
INSERT INTO auth_group_permissions VALUES(43,6,99);
INSERT INTO auth_group_permissions VALUES(44,6,100);
INSERT INTO auth_group_permissions VALUES(45,6,101);
INSERT INTO auth_group_permissions VALUES(46,6,102);
CREATE TABLE IF NOT EXISTS "auth_user_groups" ("id" integer NOT NULL PRIMARY KEY AUTOINCREMENT, "user_id" integer NOT NULL REFERENCES "auth_user" ("id") DEFERRABLE INITIALLY DEFERRED, "group_id" integer NOT NULL REFERENCES "auth_group" ("id") DEFERRABLE INITIALLY DEFERRED);
INSERT INTO auth_user_groups VALUES(1,1,1);
INSERT INTO auth_user_groups VALUES(2,2,2);
INSERT INTO auth_user_groups VALUES(3,3,3);
INSERT INTO auth_user_groups VALUES(4,4,4);
INSERT INTO auth_user_groups VALUES(5,4,1);
INSERT INTO auth_user_groups VALUES(6,4,2);
INSERT INTO auth_user_groups VALUES(9,4,3);
INSERT INTO auth_user_groups VALUES(11,4,5);
INSERT INTO auth_user_groups VALUES(12,4,6);
INSERT INTO auth_user_groups VALUES(13,5,7);
INSERT INTO auth_user_groups VALUES(14,5,1);
INSERT INTO auth_user_groups VALUES(15,5,2);
INSERT INTO auth_user_groups VALUES(16,6,8);
INSERT INTO auth_user_groups VALUES(17,6,1);
INSERT INTO auth_user_groups VALUES(18,6,2);
INSERT INTO auth_user_groups VALUES(19,7,9);
INSERT INTO auth_user_groups VALUES(20,7,1);
INSERT INTO auth_user_groups VALUES(21,7,2);
INSERT INTO auth_user_groups VALUES(24,8,10);
INSERT INTO auth_user_groups VALUES(25,8,1);
INSERT INTO auth_user_groups VALUES(26,8,2);
INSERT INTO auth_user_groups VALUES(29,9,11);
INSERT INTO auth_user_groups VALUES(30,9,1);
INSERT INTO auth_user_groups VALUES(31,9,2);
INSERT INTO auth_user_groups VALUES(40,4,7);
INSERT INTO auth_user_groups VALUES(41,4,8);
INSERT INTO auth_user_groups VALUES(42,4,9);
INSERT INTO auth_user_groups VALUES(43,4,10);
INSERT INTO auth_user_groups VALUES(44,4,11);
CREATE TABLE IF NOT EXISTS "auth_user_user_permissions" ("id" integer NOT NULL PRIMARY KEY AUTOINCREMENT, "user_id" integer NOT NULL REFERENCES "auth_user" ("id") DEFERRABLE INITIALLY DEFERRED, "permission_id" integer NOT NULL REFERENCES "auth_permission" ("id") DEFERRABLE INITIALLY DEFERRED);
INSERT INTO auth_user_user_permissions VALUES(1,2,53);
INSERT INTO auth_user_user_permissions VALUES(2,2,54);
INSERT INTO auth_user_user_permissions VALUES(3,2,55);
INSERT INTO auth_user_user_permissions VALUES(4,2,56);
INSERT INTO auth_user_user_permissions VALUES(5,2,57);
INSERT INTO auth_user_user_permissions VALUES(6,2,58);
INSERT INTO auth_user_user_permissions VALUES(25,6,85);
INSERT INTO auth_user_user_permissions VALUES(26,6,86);
INSERT INTO auth_user_user_permissions VALUES(27,6,87);
INSERT INTO auth_user_user_permissions VALUES(28,6,88);
INSERT INTO auth_user_user_permissions VALUES(29,6,89);
INSERT INTO auth_user_user_permissions VALUES(30,6,90);
CREATE TABLE IF NOT EXISTS "django_admin_log" ("id" integer NOT NULL PRIMARY KEY AUTOINCREMENT, "action_time" datetime NOT NULL, "object_id" text NULL, "object_repr" varchar(200) NOT NULL, "change_message" text NOT NULL, "content_type_id" integer NULL REFERENCES "django_content_type" ("id") DEFERRABLE INITIALLY DEFERRED, "user_id" integer NOT NULL REFERENCES "auth_user" ("id") DEFERRABLE INITIALLY DEFERRED, "action_flag" smallint unsigned NOT NULL CHECK ("action_flag" >= 0));
INSERT INTO django_admin_log VALUES(1,'2022-02-24 20:45:56.927668','1','http://127.0.0.1:8000/BCO_000000/DRAFT','[{"changed": {"fields": ["Contents"]}}]',12,6,2);
INSERT INTO django_admin_log VALUES(2,'2022-02-24 20:48:35.763168','1','http://127.0.0.1:8000/BCO_000000/DRAFT','[{"changed": {"fields": ["Contents"]}}]',12,6,2);
INSERT INTO django_admin_log VALUES(3,'2022-02-24 20:49:29.425068','2','http://127.0.0.1:8000/BCO_000001/DRAFT','[{"changed": {"fields": ["Contents"]}}]',12,6,2);
INSERT INTO django_admin_log VALUES(4,'2022-02-24 20:53:16.601050','2','http://127.0.0.1:8000/BCO_000001/DRAFT','[{"changed": {"fields": ["Contents"]}}]',12,6,2);
INSERT INTO django_admin_log VALUES(5,'2022-02-24 21:27:19.673682','4','http://127.0.0.1:8000/BCO_000003/DRAFT','[{"changed": {"fields": ["Contents"]}}]',12,6,2);
INSERT INTO django_admin_log VALUES(6,'2022-02-24 21:46:27.751492','3','http://127.0.0.1:8000/BCO_000000/1.0','[{"changed": {"fields": ["Contents"]}}]',12,6,2);
INSERT INTO django_admin_log VALUES(7,'2022-02-24 21:56:26.897790','3','http://127.0.0.1:8000/BCO_000000/1.0','[{"changed": {"fields": ["Contents"]}}]',12,6,2);
CREATE TABLE IF NOT EXISTS "django_content_type" ("id" integer NOT NULL PRIMARY KEY AUTOINCREMENT, "app_label" varchar(100) NOT NULL, "model" varchar(100) NOT NULL);
INSERT INTO django_content_type VALUES(1,'admin','logentry');
INSERT INTO django_content_type VALUES(2,'auth','permission');
INSERT INTO django_content_type VALUES(3,'auth','group');
INSERT INTO django_content_type VALUES(4,'auth','user');
INSERT INTO django_content_type VALUES(5,'contenttypes','contenttype');
INSERT INTO django_content_type VALUES(6,'sessions','session');
INSERT INTO django_content_type VALUES(7,'authtoken','token');
INSERT INTO django_content_type VALUES(8,'authtoken','tokenproxy');
INSERT INTO django_content_type VALUES(9,'api','new_users');
INSERT INTO django_content_type VALUES(10,'api','prefixes');
INSERT INTO django_content_type VALUES(11,'api','group_info');
INSERT INTO django_content_type VALUES(12,'api','bco');
INSERT INTO django_content_type VALUES(13,'api','prefix_table');
INSERT INTO django_content_type VALUES(14,'guardian','groupobjectpermission');
INSERT INTO django_content_type VALUES(15,'guardian','userobjectpermission');
INSERT INTO django_content_type VALUES(16,'api','groupinfo');
INSERT INTO django_content_type VALUES(17,'api','newusers');
INSERT INTO django_content_type VALUES(18,'api','prefix');
CREATE TABLE IF NOT EXISTS "auth_permission" ("id" integer NOT NULL PRIMARY KEY AUTOINCREMENT, "content_type_id" integer NOT NULL REFERENCES "django_content_type" ("id") DEFERRABLE INITIALLY DEFERRED, "codename" varchar(100) NOT NULL, "name" varchar(255) NOT NULL);
INSERT INTO auth_permission VALUES(1,1,'add_logentry','Can add log entry');
INSERT INTO auth_permission VALUES(2,1,'change_logentry','Can change log entry');
INSERT INTO auth_permission VALUES(3,1,'delete_logentry','Can delete log entry');
INSERT INTO auth_permission VALUES(4,1,'view_logentry','Can view log entry');
INSERT INTO auth_permission VALUES(5,2,'add_permission','Can add permission');
INSERT INTO auth_permission VALUES(6,2,'change_permission','Can change permission');
INSERT INTO auth_permission VALUES(7,2,'delete_permission','Can delete permission');
INSERT INTO auth_permission VALUES(8,2,'view_permission','Can view permission');
INSERT INTO auth_permission VALUES(9,3,'add_group','Can add group');
INSERT INTO auth_permission VALUES(10,3,'change_group','Can change group');
INSERT INTO auth_permission VALUES(11,3,'delete_group','Can delete group');
INSERT INTO auth_permission VALUES(12,3,'view_group','Can view group');
INSERT INTO auth_permission VALUES(13,4,'add_user','Can add user');
INSERT INTO auth_permission VALUES(14,4,'change_user','Can change user');
INSERT INTO auth_permission VALUES(15,4,'delete_user','Can delete user');
INSERT INTO auth_permission VALUES(16,4,'view_user','Can view user');
INSERT INTO auth_permission VALUES(17,5,'add_contenttype','Can add content type');
INSERT INTO auth_permission VALUES(18,5,'change_contenttype','Can change content type');
INSERT INTO auth_permission VALUES(19,5,'delete_contenttype','Can delete content type');
INSERT INTO auth_permission VALUES(20,5,'view_contenttype','Can view content type');
INSERT INTO auth_permission VALUES(21,6,'add_session','Can add session');
INSERT INTO auth_permission VALUES(22,6,'change_session','Can change session');
INSERT INTO auth_permission VALUES(23,6,'delete_session','Can delete session');
INSERT INTO auth_permission VALUES(24,6,'view_session','Can view session');
INSERT INTO auth_permission VALUES(25,7,'add_token','Can add Token');
INSERT INTO auth_permission VALUES(26,7,'change_token','Can change Token');
INSERT INTO auth_permission VALUES(27,7,'delete_token','Can delete Token');
INSERT INTO auth_permission VALUES(28,7,'view_token','Can view Token');
INSERT INTO auth_permission VALUES(29,8,'add_tokenproxy','Can add token');
INSERT INTO auth_permission VALUES(30,8,'change_tokenproxy','Can change token');
INSERT INTO auth_permission VALUES(31,8,'delete_tokenproxy','Can delete token');
INSERT INTO auth_permission VALUES(32,8,'view_tokenproxy','Can view token');
INSERT INTO auth_permission VALUES(33,9,'add_new_users','Can add new_users');
INSERT INTO auth_permission VALUES(34,9,'change_new_users','Can change new_users');
INSERT INTO auth_permission VALUES(35,9,'delete_new_users','Can delete new_users');
INSERT INTO auth_permission VALUES(36,9,'view_new_users','Can view new_users');
INSERT INTO auth_permission VALUES(37,10,'add_prefixes','Can add prefixes');
INSERT INTO auth_permission VALUES(38,10,'change_prefixes','Can change prefixes');
INSERT INTO auth_permission VALUES(39,10,'delete_prefixes','Can delete prefixes');
INSERT INTO auth_permission VALUES(40,10,'view_prefixes','Can view prefixes');
INSERT INTO auth_permission VALUES(41,11,'add_group_info','Can add group_info');
INSERT INTO auth_permission VALUES(42,11,'change_group_info','Can change group_info');
INSERT INTO auth_permission VALUES(43,11,'delete_group_info','Can delete group_info');
INSERT INTO auth_permission VALUES(44,11,'view_group_info','Can view group_info');
INSERT INTO auth_permission VALUES(45,12,'add_bco','Can add bco');
INSERT INTO auth_permission VALUES(46,12,'change_bco','Can change bco');
INSERT INTO auth_permission VALUES(47,12,'delete_bco','Can delete bco');
INSERT INTO auth_permission VALUES(48,12,'view_bco','Can view bco');
INSERT INTO auth_permission VALUES(49,13,'add_prefix_table','Can add prefix_table');
INSERT INTO auth_permission VALUES(50,13,'change_prefix_table','Can change prefix_table');
INSERT INTO auth_permission VALUES(51,13,'delete_prefix_table','Can delete prefix_table');
INSERT INTO auth_permission VALUES(52,13,'view_prefix_table','Can view prefix_table');
INSERT INTO auth_permission VALUES(53,12,'add_BCO','Can add BCOs with prefix BCO');
INSERT INTO auth_permission VALUES(54,12,'change_BCO','Can change BCOs with prefix BCO');
INSERT INTO auth_permission VALUES(55,12,'delete_BCO','Can delete BCOs with prefix BCO');
INSERT INTO auth_permission VALUES(56,12,'view_BCO','Can view BCOs with prefix BCO');
INSERT INTO auth_permission VALUES(57,12,'draft_BCO','Can draft BCOs with prefix BCO');
INSERT INTO auth_permission VALUES(58,12,'publish_BCO','Can publish BCOs with prefix BCO');
INSERT INTO auth_permission VALUES(59,14,'add_groupobjectpermission','Can add group object permission');
INSERT INTO auth_permission VALUES(60,14,'change_groupobjectpermission','Can change group object permission');
INSERT INTO auth_permission VALUES(61,14,'delete_groupobjectpermission','Can delete group object permission');
INSERT INTO auth_permission VALUES(62,14,'view_groupobjectpermission','Can view group object permission');
INSERT INTO auth_permission VALUES(63,15,'add_userobjectpermission','Can add user object permission');
INSERT INTO auth_permission VALUES(64,15,'change_userobjectpermission','Can change user object permission');
INSERT INTO auth_permission VALUES(65,15,'delete_userobjectpermission','Can delete user object permission');
INSERT INTO auth_permission VALUES(66,15,'view_userobjectpermission','Can view user object permission');
INSERT INTO auth_permission VALUES(85,12,'add_TESTR','Can add BCOs with prefix TESTR');
INSERT INTO auth_permission VALUES(86,12,'change_TESTR','Can change BCOs with prefix TESTR');
INSERT INTO auth_permission VALUES(87,12,'delete_TESTR','Can delete BCOs with prefix TESTR');
INSERT INTO auth_permission VALUES(88,12,'view_TESTR','Can view BCOs with prefix TESTR');
INSERT INTO auth_permission VALUES(89,12,'draft_TESTR','Can draft BCOs with prefix TESTR');
INSERT INTO auth_permission VALUES(90,12,'publish_TESTR','Can publish BCOs with prefix TESTR');
INSERT INTO auth_permission VALUES(91,16,'add_groupinfo','Can add group info');
INSERT INTO auth_permission VALUES(92,16,'change_groupinfo','Can change group info');
INSERT INTO auth_permission VALUES(93,16,'delete_groupinfo','Can delete group info');
INSERT INTO auth_permission VALUES(94,16,'view_groupinfo','Can view group info');
INSERT INTO auth_permission VALUES(95,17,'add_newusers','Can add new users');
INSERT INTO auth_permission VALUES(96,17,'change_newusers','Can change new users');
INSERT INTO auth_permission VALUES(97,17,'delete_newusers','Can delete new users');
INSERT INTO auth_permission VALUES(98,17,'view_newusers','Can view new users');
INSERT INTO auth_permission VALUES(99,18,'add_prefix','Can add prefix');
INSERT INTO auth_permission VALUES(100,18,'change_prefix','Can change prefix');
INSERT INTO auth_permission VALUES(101,18,'delete_prefix','Can delete prefix');
INSERT INTO auth_permission VALUES(102,18,'view_prefix','Can view prefix');
INSERT INTO auth_permission VALUES(103,12,'change_http://127.0.0.1:8000/BCO_000000/DRAFT','Can change_http://127.0.0.1:8000/BCO_000000/DRAFT');
INSERT INTO auth_permission VALUES(104,12,'delete_http://127.0.0.1:8000/BCO_000000/DRAFT','Can delete_http://127.0.0.1:8000/BCO_000000/DRAFT');
INSERT INTO auth_permission VALUES(105,12,'publish_http://127.0.0.1:8000/BCO_000000/DRAFT','Can publish_http://127.0.0.1:8000/BCO_000000/DRAFT');
INSERT INTO auth_permission VALUES(106,12,'view_http://127.0.0.1:8000/BCO_000000/DRAFT','Can view_http://127.0.0.1:8000/BCO_000000/DRAFT');
INSERT INTO auth_permission VALUES(107,12,'change_http://127.0.0.1:8000/BCO_000001/DRAFT','Can change_http://127.0.0.1:8000/BCO_000001/DRAFT');
INSERT INTO auth_permission VALUES(108,12,'delete_http://127.0.0.1:8000/BCO_000001/DRAFT','Can delete_http://127.0.0.1:8000/BCO_000001/DRAFT');
INSERT INTO auth_permission VALUES(109,12,'publish_http://127.0.0.1:8000/BCO_000001/DRAFT','Can publish_http://127.0.0.1:8000/BCO_000001/DRAFT');
INSERT INTO auth_permission VALUES(110,12,'view_http://127.0.0.1:8000/BCO_000001/DRAFT','Can view_http://127.0.0.1:8000/BCO_000001/DRAFT');
INSERT INTO auth_permission VALUES(111,12,'publish_new_version_http://127.0.0.1:8000/BCO_000000/1.0','Can publish a new version of an existing published object');
INSERT INTO auth_permission VALUES(112,12,'change_http://127.0.0.1:8000/BCO_000003/DRAFT','Can change_http://127.0.0.1:8000/BCO_000003/DRAFT');
INSERT INTO auth_permission VALUES(113,12,'delete_http://127.0.0.1:8000/BCO_000003/DRAFT','Can delete_http://127.0.0.1:8000/BCO_000003/DRAFT');
INSERT INTO auth_permission VALUES(114,12,'publish_http://127.0.0.1:8000/BCO_000003/DRAFT','Can publish_http://127.0.0.1:8000/BCO_000003/DRAFT');
INSERT INTO auth_permission VALUES(115,12,'view_http://127.0.0.1:8000/BCO_000003/DRAFT','Can view_http://127.0.0.1:8000/BCO_000003/DRAFT');
CREATE TABLE IF NOT EXISTS "auth_group" ("id" integer NOT NULL PRIMARY KEY AUTOINCREMENT, "name" varchar(150) NOT NULL UNIQUE);
INSERT INTO auth_group VALUES(1,'bco_drafter');
INSERT INTO auth_group VALUES(2,'bco_publisher');
INSERT INTO auth_group VALUES(3,'anon');
INSERT INTO auth_group VALUES(4,'wheel');
INSERT INTO auth_group VALUES(5,'group_admins');
INSERT INTO auth_group VALUES(6,'prefix_admins');
INSERT INTO auth_group VALUES(7,'AnonymousUser');
INSERT INTO auth_group VALUES(8,'bco_api_user');
INSERT INTO auth_group VALUES(9,'test31');
INSERT INTO auth_group VALUES(10,'jdoe73');
INSERT INTO auth_group VALUES(11,'hivelab12');
CREATE TABLE IF NOT EXISTS "auth_user" ("id" integer NOT NULL PRIMARY KEY AUTOINCREMENT, "password" varchar(128) NOT NULL, "last_login" datetime NULL, "is_superuser" bool NOT NULL, "username" varchar(150) NOT NULL UNIQUE, "last_name" varchar(150) NOT NULL, "email" varchar(254) NOT NULL, "is_staff" bool NOT NULL, "is_active" bool NOT NULL, "date_joined" datetime NOT NULL, "first_name" varchar(150) NOT NULL);
INSERT INTO auth_user VALUES(1,'!oaHBw34ce76v7dhRgVhTVMDIPITz4tZUkGZnMATb',NULL,0,'bco_drafter','','',0,1,'2022-02-22 18:13:35.679730','');
INSERT INTO auth_user VALUES(2,'!WoawF8dovMm4jWuBiyUvDVDKSf2T9FpWc3rgjonI',NULL,0,'bco_publisher','','',0,1,'2022-02-22 18:13:35.687781','');
INSERT INTO auth_user VALUES(3,'!KNb37e1aMrpHpU1C2gD2QfpdpSDXf4Om0oGv0ZxT',NULL,0,'anon','','',0,1,'2022-02-22 18:13:35.694905','');
INSERT INTO auth_user VALUES(4,'pbkdf2_sha256$260000$U6XckEM3AFjiz3YtlsFxpa$fxSIlo19Eu5UfESFE3VwiAPTlEzfjoYcbkSLfQlPqUQ=',NULL,1,'wheel','','',1,1,'2022-02-22 18:13:35.703427','');
INSERT INTO auth_user VALUES(5,'!AKnBmFMouCLfsjidE3N6u3zngkXM5fPwh35g2a2N',NULL,0,'AnonymousUser','','',0,1,'2022-02-22 18:13:35.971575','');
INSERT INTO auth_user VALUES(6,'pbkdf2_sha256$260000$vOjHHWge9Jb0uxfrudeobN$/nxbVVSsCN4h0TqJgbRhQw95Vy2NdQoM6IAN4+kcWGM=','2022-02-24 20:41:12.379007',1,'bco_api_user','','bco@bco.org',1,1,'2022-02-22 18:14:24.438866','');
INSERT INTO auth_user VALUES(7,'pbkdf2_sha256$260000$rrOaBBLSsbg6aJZiQZOluG$frdGeCXHTLW/5zm2fDoCALUu0Hp8dfFPo8gPtqPLNf8=',NULL,0,'test31','','',0,1,'2022-02-22 18:18:31.206044','');
INSERT INTO auth_user VALUES(8,'pbkdf2_sha256$260000$Ozrzq4ERYoqnoYirggh5Sg$QOnirMdCdZBXPMuTB2shUbLqNKD6EYaTZSHtA66Sp7U=',NULL,0,'jdoe73','','',0,1,'2022-02-22 18:19:32.211716','');
INSERT INTO auth_user VALUES(9,'pbkdf2_sha256$260000$dJz63WW8OJxZMPcT05kf6N$PxuS013YI+lsFuhlwcwb21P8G5lmDx828lWyf1OW9ts=',NULL,0,'hivelab12','','',0,1,'2022-02-22 18:29:26.187673','');
CREATE TABLE IF NOT EXISTS "authtoken_token" ("key" varchar(40) NOT NULL PRIMARY KEY, "created" datetime NOT NULL, "user_id" integer NOT NULL UNIQUE REFERENCES "auth_user" ("id") DEFERRABLE INITIALLY DEFERRED);
INSERT INTO authtoken_token VALUES('68addd4d0a6bd6f91eef04651de9fc548e600bd3','2022-02-22 18:13:35.686050',1);
INSERT INTO authtoken_token VALUES('6a96406790e37211f6f3cc80c71cb41f1c6d10a5','2022-02-22 18:13:35.693170',2);
INSERT INTO authtoken_token VALUES('627626823549f787c3ec763ff687169206626149','2022-02-22 18:13:35.701446',3);
INSERT INTO authtoken_token VALUES('e92c6572c107c7c90b37ed65a35985e0cc4f7da8','2022-02-22 18:13:35.863037',4);
INSERT INTO authtoken_token VALUES('ac123dcd3def7311deb6311d0d37482033dc4069','2022-02-22 18:13:35.986188',5);
INSERT INTO authtoken_token VALUES('92053bd3cb14be66de9bfd862105fce166de100e','2022-02-22 18:14:24.606556',6);
INSERT INTO authtoken_token VALUES('99ac094dc1a46614e293bfb8fbdc12372eff295a','2022-02-22 18:18:31.225941',7);
INSERT INTO authtoken_token VALUES('373ae70b0a004aed3a4c19029aa53daab3a84adc','2022-02-22 18:19:32.229537',8);
INSERT INTO authtoken_token VALUES('dbddcaf89e57c99a828a600e390b4e7015c20e6a','2022-02-22 18:29:26.209557',9);
CREATE TABLE IF NOT EXISTS "guardian_groupobjectpermission" ("id" integer NOT NULL PRIMARY KEY AUTOINCREMENT, "object_pk" varchar(255) NOT NULL, "content_type_id" integer NOT NULL REFERENCES "django_content_type" ("id") DEFERRABLE INITIALLY DEFERRED, "group_id" integer NOT NULL REFERENCES "auth_group" ("id") DEFERRABLE INITIALLY DEFERRED, "permission_id" integer NOT NULL REFERENCES "auth_permission" ("id") DEFERRABLE INITIALLY DEFERRED);
INSERT INTO guardian_groupobjectpermission VALUES(1,'1',12,1,106);
INSERT INTO guardian_groupobjectpermission VALUES(2,'2',12,1,110);
INSERT INTO guardian_groupobjectpermission VALUES(3,'4',12,1,115);
CREATE TABLE IF NOT EXISTS "guardian_userobjectpermission" ("id" integer NOT NULL PRIMARY KEY AUTOINCREMENT, "object_pk" varchar(255) NOT NULL, "content_type_id" integer NOT NULL REFERENCES "django_content_type" ("id") DEFERRABLE INITIALLY DEFERRED, "permission_id" integer NOT NULL REFERENCES "auth_permission" ("id") DEFERRABLE INITIALLY DEFERRED, "user_id" integer NOT NULL REFERENCES "auth_user" ("id") DEFERRABLE INITIALLY DEFERRED);
INSERT INTO guardian_userobjectpermission VALUES(1,'1',12,103,4);
INSERT INTO guardian_userobjectpermission VALUES(2,'1',12,104,4);
INSERT INTO guardian_userobjectpermission VALUES(3,'1',12,105,4);
INSERT INTO guardian_userobjectpermission VALUES(4,'1',12,106,4);
INSERT INTO guardian_userobjectpermission VALUES(5,'2',12,107,4);
INSERT INTO guardian_userobjectpermission VALUES(6,'2',12,108,4);
INSERT INTO guardian_userobjectpermission VALUES(7,'2',12,109,4);
INSERT INTO guardian_userobjectpermission VALUES(8,'2',12,110,4);
INSERT INTO guardian_userobjectpermission VALUES(9,'3',12,111,4);
INSERT INTO guardian_userobjectpermission VALUES(10,'4',12,112,4);
INSERT INTO guardian_userobjectpermission VALUES(11,'4',12,113,4);
INSERT INTO guardian_userobjectpermission VALUES(12,'4',12,114,4);
INSERT INTO guardian_userobjectpermission VALUES(13,'4',12,115,4);
CREATE TABLE IF NOT EXISTS "django_session" ("session_key" varchar(40) NOT NULL PRIMARY KEY, "session_data" text NOT NULL, "expire_date" datetime NOT NULL);
INSERT INTO django_session VALUES('6lmcv8w1zwgflw3xqmr6ijkwwz2seyzp','.eJxVjEEOgjAQRe_StWkKrZ3q0j1nIDOdGUENTSisjHcXEha6_e-9_zY9rsvQr1XmfmRzNdGcfjfC_JRpB_zA6V5sLtMyj2R3xR602q6wvG6H-3cwYB22WjQHzRycT4EUgLM40KhyhjYSJ2gJNYVL4zwm5lYhbrqAU6LGM5rPFxmoOWM:1nMZhg:jucWb_p2Z4RTAmdFj38ZeO1yvwzQZIPqp-ooPJGexYQ','2022-03-08 18:16:00.187464');
INSERT INTO django_session VALUES('rm54rftl3kkfg10rfhmh0mltjdrd9nef','.eJxVjEEOgjAQRe_StWkKrZ3q0j1nIDOdGUENTSisjHcXEha6_e-9_zY9rsvQr1XmfmRzNdGcfjfC_JRpB_zA6V5sLtMyj2R3xR602q6wvG6H-3cwYB22WjQHzRycT4EUgLM40KhyhjYSJ2gJNYVL4zwm5lYhbrqAU6LGM5rPFxmoOWM:1nMZhw:siKX9jeINa1JyZ_NCxxaMKEWinJEP3pbaR_tXFMuzf0','2022-03-08 18:16:16.013263');
INSERT INTO django_session VALUES('jmiomi7dzr7gl6xx93lsdghvep7dyge7','.eJxVjEEOgjAQRe_StWkKrZ3q0j1nIDOdGUENTSisjHcXEha6_e-9_zY9rsvQr1XmfmRzNdGcfjfC_JRpB_zA6V5sLtMyj2R3xR602q6wvG6H-3cwYB22WjQHzRycT4EUgLM40KhyhjYSJ2gJNYVL4zwm5lYhbrqAU6LGM5rPFxmoOWM:1nNK4p:bcbvho0izRsxVNNIwwkSSKQ51TK8_QjnQeVMG1SmRt4','2022-03-10 19:46:59.877738');
INSERT INTO django_session VALUES('t1joxxj4tuog0j40m7ywyh30srxmvff7','.eJxVjEEOgjAQRe_StWkKrZ3q0j1nIDOdGUENTSisjHcXEha6_e-9_zY9rsvQr1XmfmRzNdGcfjfC_JRpB_zA6V5sLtMyj2R3xR602q6wvG6H-3cwYB22WjQHzRycT4EUgLM40KhyhjYSJ2gJNYVL4zwm5lYhbrqAU6LGM5rPFxmoOWM:1nNK5D:j8LImPj7L734MTcSQWXIM4ZZz7BMykYpMLKEclMVdZQ','2022-03-10 19:47:23.419788');
INSERT INTO django_session VALUES('8rypd8kdxeb5xu0zzqw97qkqzis2nz54','.eJxVjEEOgjAQRe_StWkKrZ3q0j1nIDOdGUENTSisjHcXEha6_e-9_zY9rsvQr1XmfmRzNdGcfjfC_JRpB_zA6V5sLtMyj2R3xR602q6wvG6H-3cwYB22WjQHzRycT4EUgLM40KhyhjYSJ2gJNYVL4zwm5lYhbrqAU6LGM5rPFxmoOWM:1nNKvI:kNRCtDWVnVfM7wEmWXHJsiB1j641IXx9KBd4sFz-sYE','2022-03-10 20:41:12.381751');
CREATE TABLE IF NOT EXISTS "api_groupinfo" ("group_id" varchar(150) NOT NULL PRIMARY KEY REFERENCES "auth_group" ("name") DEFERRABLE INITIALLY DEFERRED, "delete_members_on_group_deletion" bool NOT NULL, "description" text NOT NULL, "expiration" datetime NULL, "max_n_members" integer NULL, "owner_user_id" varchar(150) NOT NULL REFERENCES "auth_user" ("username") DEFERRABLE INITIALLY DEFERRED);
CREATE TABLE IF NOT EXISTS "api_newusers" ("email" varchar(254) NOT NULL PRIMARY KEY, "temp_identifier" text NOT NULL, "token" text NULL, "hostname" text NULL, "created" datetime NOT NULL);
CREATE TABLE IF NOT EXISTS "api_prefix" ("prefix" varchar(5) NOT NULL PRIMARY KEY, "certifying_server" text NULL, "certifying_key" text NULL, "created" datetime NULL, "description" text NULL, "expires" datetime NULL, "n_objects" integer NOT NULL, "created_by_id" varchar(150) NOT NULL REFERENCES "auth_user" ("username") DEFERRABLE INITIALLY DEFERRED, "owner_group_id" varchar(150) NOT NULL REFERENCES "auth_group" ("name") DEFERRABLE INITIALLY DEFERRED, "owner_user_id" varchar(150) NOT NULL REFERENCES "auth_user" ("username") DEFERRABLE INITIALLY DEFERRED);
INSERT INTO api_prefix VALUES('BCO',NULL,NULL,'2022-02-24 19:46:21.768053',NULL,NULL,4,'bco_publisher','bco_publisher','bco_publisher');
CREATE TABLE IF NOT EXISTS "api_bco" ("id" integer NOT NULL PRIMARY KEY AUTOINCREMENT, "contents" text NOT NULL CHECK ((JSON_VALID("contents") OR "contents" IS NULL)), "object_class" text NULL, "object_id" text NOT NULL, "schema" text NOT NULL, "state" text NOT NULL, "last_update" datetime NOT NULL, "owner_group_id" varchar(150) NULL REFERENCES "auth_group" ("name") DEFERRABLE INITIALLY DEFERRED, "owner_user_id" varchar(150) NULL REFERENCES "auth_user" ("username") DEFERRABLE INITIALLY DEFERRED, "prefix_id" varchar(5) NOT NULL REFERENCES "api_prefix" ("prefix") DEFERRABLE INITIALLY DEFERRED);
INSERT INTO api_bco VALUES(1,'{"object_id": "http://127.0.0.1:8000/BCO_000000/DRAFT", "spec_version": "https://w3id.org/ieee/ieee-2791-schema/", "etag": "cf70ebc1d26bbb2ea69ab0178b6234c33c4d5c8761f9a51452b8940111ad0f9c", "provenance_domain": {"name": "HIVE-hexagon Test Computation", "version": "1.0.0", "created": "2020-12-24T03:30:50.517Z", "modified": "2022-02-24T21:00:34.082Z", "review": [{"date": "2020-01-29T00:00:00-0400", "reviewer": {"orcid": "https://orcid.org/0000-0003-1409-4549", "affiliation": "George Washington University", "contribution": ["contributedBy"], "name": "FILL", "email": "hadley_king@gwu.edu"}, "status": "unreviewed"}], "contributors": [{"orcid": "https://orcid.org/0000-0002-8824-4637", "affiliation": "George Washington University", "contribution": ["createdBy"], "name": "Janisha Patel", "email": "janishapatel@gwu.edu"}], "license": "https://spdx.org/licenses/CC-BY-4.0.html"}, "usability_domain": [], "description_domain": {"keywords": ["HIVE-hexagon", "alignment", "dna-se", "human", "test-computation"], "platform": ["HIVE"], "pipeline_steps": [{"step_number": 1, "description": "HIVE hexagon alignment engine optimized for HIVE cloud performance on Next Generation data", "input_list": [{"uri": "https://hive.aws.biochemistry.gwu.edu/dna.cgi?cmd=objFile&ids=3244"}, {"uri": "https://hive.aws.biochemistry.gwu.edu/dna.cgi?cmd=objFile&ids=731"}, {"uri": "https://hive.aws.biochemistry.gwu.edu/dna.cgi?cmd=objFile&ids=729"}], "name": "HIVE-Hexagon", "output_list": [{"uri": "https://hive.aws.biochemistry.gwu.edu/dna.cgi?cmd=objFile&ids=3260&filename=alignment.0.vioal_recordBodyContainer_stat"}, {"uri": "https://hive.aws.biochemistry.gwu.edu/dna.cgi?cmd=objFile&ids=3260&filename=histogram.csv"}, {"uri": "https://hive.aws.biochemistry.gwu.edu/dna.cgi?cmd=objFile&ids=3260&filename=alignment.0.vioal_recordContainer_stat"}, {"uri": "https://hive.aws.biochemistry.gwu.edu/dna.cgi?cmd=objFile&ids=3260&filename=alignment.0.vioal_recordContainer_subject"}, {"uri": "https://hive.aws.biochemistry.gwu.edu/dna.cgi?cmd=objFile&ids=3260&filename=alignment.hiveal"}, {"uri": "https://hive.aws.biochemistry.gwu.edu/dna.cgi?cmd=objFile&ids=3260&filename=alignment.0.vioal"}, {"uri": "https://hive.aws.biochemistry.gwu.edu/dna.cgi?cmd=objFile&ids=3260&filename=alignment.0.vioal_recordContainer_align"}, {"uri": "https://hive.aws.biochemistry.gwu.edu/dna.cgi?cmd=objFile&ids=3260&filename=alignment.0.vioal_recordBodyContainer_match"}, {"uri": "https://hive.aws.biochemistry.gwu.edu/dna.cgi?cmd=objFile&ids=3260&filename=alignment.0.vioal_hash"}, {"uri": "https://hive.aws.biochemistry.gwu.edu/dna.cgi?cmd=objFile&ids=3260&filename=alignment.0.vioal_recordContainer_match"}, {"uri": "https://hive.aws.biochemistry.gwu.edu/dna.cgi?cmd=objFile&ids=3260&filename=alignment.0.vioal_recordRelationContainer_subject_0"}, {"uri": "https://hive.aws.biochemistry.gwu.edu/dna.cgi?cmd=objFile&ids=3260&filename=alignment.0.vioal_recordContainer_repeat"}, {"uri": "https://hive.aws.biochemistry.gwu.edu/dna.cgi?cmd=objFile&ids=3260&filename=coverage_dict"}, {"uri": "https://hive.aws.biochemistry.gwu.edu/dna.cgi?cmd=objFile&ids=3260&filename=alignment.0.vioal_recordBodyContainer_align"}]}]}, "execution_domain": {"script": [{"uri": {"uri": "http://hive.aws.biochemistry.gwu.edu/dna.cgi?cmd=dna-hexagon&cmdMode=-"}}], "script_driver": "FILL", "software_prerequisites": [{"name": "HIVE-hexagon", "version": "babajanian.1", "uri": {"uri": "http://hive.aws.biochemistry.gwu.edu/dna.cgi?cmd=dna-hexagon&cmdMode=-", "access_time": "2017-01-24T09:40:17-0500", "sha1_checksum": "d60f506cddac09e9e816531e7905ca1ca6641e3c"}}], "external_data_endpoints": [{"url": "https://hive.aws.biochemistry.gwu.edu/dna.cgi?cmd=login", "name": "HIVE"}], "environment_variables": {"var": "www"}}, "io_domain": {"input_subdomain": [], "output_subdomain": []}, "parametric_domain": [{"step": "1", "value": "svc-align-hexagon", "param": "_type"}, {"step": "1", "value": "1_SRR1004397_2.fastq versus GrCH38.2 MARCH14-2016", "param": "name"}, {"step": "1", "value": "1", "param": "alignmentEngine"}, {"step": "1", "value": "{\"allowShorterEnds\":0,\"costGapNext\":-4,\"costGapOpen\":-12,\"costMatch\":5,\"costMismatch\":-4,\"costMismatchNext\":-6,\"isglobal\":0,\"seed\":14}", "param": "alignParam"}, {"step": "1", "value": "{\"searchRepeatsAndTrans\":0}", "param": "basicAlgParam"}, {"step": "1", "value": "{\"complexityQry\":{\"11.0.0\":{\"complexityEntropy\":0,\"complexityWindow\":0,\"maximumPercentLowQualityAllowed\":0}},\"complexityRef\":{\"11.1.0\":{\"complexityRefEntropy\":0,\"complexityRefWindow\":0,\"acceptNNNQuaTrheshold\":0}}}", "param": "complexity"}, {"step": "1", "value": "auto", "param": "computeDiagonalWidth"}, {"step": "1", "value": "false", "param": "doubleHash"}, {"step": "1", "value": "1", "param": "doubleStagePerfect"}, {"step": "1", "value": "auto", "param": "hashCompileStp"}, {"step": "1", "value": "auto", "param": "hashStp"}, {"step": "1", "value": "1", "param": "isbackward"}, {"step": "1", "value": "0", "param": "isextendtails"}, {"step": "1", "value": "1", "param": "isoptimize"}, {"step": "1", "value": "3", "param": "keepAllMatches"}, {"step": "1", "value": "66", "param": "looseExtenderMinimumLengthPercent"}, {"step": "1", "value": "25", "param": "looseExtenderMismatchesPercent"}, {"step": "1", "value": "0", "param": "maxExtensionGaps"}, {"step": "1", "value": "50", "param": "maxHashBin"}, {"step": "1", "value": "200", "param": "maxHitsPerRead"}, {"step": "1", "value": "all", "param": "maxNumberQuery"}, {"step": "1", "value": "{\"28.0\":{\"minMatchLen\":45,\"minMatchUnit\":0}}", "param": "minMatch"}, {"step": "1", "value": "{\"29.0\":{\"maxMissQueryPercent\":5,\"considerGoodSubalignments\":1}}", "param": "mismatches"}, {"step": "1", "value": "0", "param": "random_seed"}, {"step": "1", "value": "{\"resolveConfictsUnique\":false,\"resolveConflicts\":1,\"resolveConflictsScore\":1}", "param": "readconflicts"}, {"step": "1", "value": "0", "param": "reverseEngine"}, {"step": "1", "value": "None", "param": "scoreFilter"}, {"step": "1", "value": "1", "param": "selfQueryPosJumpInNonPerfectAlignment"}, {"step": "1", "value": "{\"44.0\":{\"trimLowScoreEndsWindow\":0}}", "param": "trimLowScoreEnds"}, {"step": "1", "value": "1", "param": "useRedundSim"}, {"step": "1", "value": "svc-align-hexagon", "param": "alignSelector"}, {"step": "1", "value": "false", "param": "force_reindex"}], "error_domain": {"empirical_error": {"text": " 563219 sequences aligned "}, "algorithmic_error": {"text": "NA"}}, "extension_domain": []}','','http://127.0.0.1:8000/BCO_000000/DRAFT','IEEE','DRAFT','2022-02-24 21:00:40.128689','bco_drafter','hivelab12','BCO');
INSERT INTO api_bco VALUES(2,'{"object_id": "http://127.0.0.1:8000/BCO_000001/DRAFT", "spec_version": "https://w3id.org/biocompute/1.3.0/", "etag": "D231C92C660CD1DD818D412E10F86F07338BA730FBE6898EF8F7DF1B1ECBFD3C", "provenance_domain": {"name": "glycosylation-sites-UniCarbKB", "version": "1.0", "created": "2018-02-21T14:46:55.331Z", "modified": "2022-02-24T20:54:36.681Z", "review": [{"status": "approved", "reviewer_comment": "The dataset has passed the manual and automated QC steps and the readme has also been reviewed", "reviewer": {"name": "Rahi Navelkar", "affiliation": "The George Washington University", "email": "rsn13@gwu.edu", "contribution": ["curatedBy"]}}], "contributors": [{"name": "Matthew Campbell", "affiliation": "Institute for Glycomics, Griffith University, Gold Coast, Queensland, Australia", "email": "m.campbell2@griffith.edu.au", "contribution": ["contributedBy"]}, {"name": "Rahi Navelkar", "affiliation": "The George Washington University", "email": "rsn13@gwu.edu", "contribution": ["curatedBy"]}, {"name": "Robel Kahsay", "affiliation": "The George Washington University", "email": "hadley_king@gwu.edu", "contribution": ["createdBy"]}], "license": "https://creativecommons.org/licenses/by/4.0/"}, "usability_domain": ["List of human [taxid:9606] proteins with information on glycosylation sites from UniCarbKB database [https://academic.oup.com/nar/article/42/D1/D215/1052197, https://doi.org/10.1093/nar/gkt1128]"], "description_domain": {"keywords": ["protein", "canonical", "glycosylation", "glycan"], "platform": ["centos7"], "pipeline_steps": [{"step_number": 1, "name": "ac2canonical.py", "description": "Python script for mapping the UniProtKB accessions in the input file to the UniProtKB canonical accessions ", "version": "", "input_list": [{"uri": "/human_protein_position_pmid_id_aminoacid_glytoucan_2018_09_04_07_51_27.txt"}], "output_list": [{"uri": "human_protein_position_pmid_id_aminoacid_glytoucan_2018_09_04_07_51_27.txt"}]}, {"step_number": 2, "name": "make-proteoform_glycosylation_sites_unicarbkb_glytoucan-csv-step2a.py", "description": "Python scripts for retrieving glycosylation type or linkage type through UniCarbKB structure webpage ", "input_list": [{"uri": "human_protein_position_pmid_id_aminoacid_glytoucan_2018_09_04_07_51_27.txt"}], "output_list": [{"uri": "human_proteoform_glycosylation_sites_unicarbkb_glytoucan.csv"}]}, {"step_number": 2, "name": "make-proteoform_glycosylation_sites_unicarbkb_glytoucan-csv-step2b.py", "description": "Python scripts for retrieving glycosylation type or linkage type through UniCarbKB structure webpage ", "input_list": [{"uri": "human_protein_position_pmid_id_aminoacid_glytoucan_2018_09_04_07_51_27.txt"}], "output_list": [{"uri": "human_proteoform_glycosylation_sites_unicarbkb_glytoucan.csv"}]}, {"step_number": 3, "name": "make-proteoform_glycosylation_sites_unicarbkb_glytoucan-csv-step3.py", "description": "Python script for quality check of the processed file. Records which fall under one or more following criteria''s are flagged and eliminated and can be accessed using the log file. The elimination steps include -   a. If the protein accession is not included in UniProtKB protein list - UniProtKB Nov-2017 Release   b. If the amino acid position does not match to the amino acid on the associated position on fasta sequence - UniProtKB Nov-2017 Release  c. If the id (UnicarbKB structure id) is not present in input file  d. If the glycosylation type (linkage type) is not retrieved through step 3  e. If a serine or threonine is reported for an N-linked glycan structure  f. If an asparagine is reported for an O-linked glycan structure", "input_list": [{"uri": "human_proteoform_glycosylation_sites_unicarbkb_glytoucan.csv"}, {"uri": "human_protein_all.fasta"}], "output_list": [{"uri": "human_proteoform_glycosylation_sites_unicarbkb_glytoucan.csv"}, {"uri": "human_proteoform_glycosylation_sites_unicarbkb_glytoucan.log"}]}]}, "execution_domain": {"script": [{"uri": {"uri": "https://github.com/glygener/glygen-backend-integration/blob/master/integration/ac2canonical.py"}}, {"uri": {"uri": "https://github.com/glygener/glygen-backend-integration/blob/master/integration/make-proteoform_glycosylation_sites_unicarbkb_glytoucan-csv-step2a.py"}}, {"uri": {"uri": "https://github.com/glygener/glygen-backend-integration/blob/master/integration/make-proteoform_glycosylation_sites_unicarbkb_glytoucan-csv-step2b.py"}}, {"uri": {"uri": "https://github.com/glygener/glygen-backend-integration/blob/master/integration/make-proteoform_glycosylation_sites_unicarbkb_glytoucan-csv-step3.py"}}], "script_driver": "manual", "software_prerequisites": [{"name": "Python", "version": "2.7.13", "uri": {"uri": "https://www.python.org/downloads/release/python-2713/", "access_time": "2017-01-24T09:40:17-0500", "sha1_checksum": "17add4bf0ad0ec2f08e0cae6d205c700"}}], "external_data_endpoints": [{"name": "UniCarbKB", "url": "http://www.unicarbkb.org/"}, {"name": "access glygen-backend-integration", "url": "https://github.com/glygener/glygen-backend-integration"}], "environment_variables": {}}, "io_domain": {"input_subdomain": [{"uri": {"filename": "human_protein_position_pmid_id_aminoacid_glytoucan_2018_09_04_07_51_27.txt", "uri": "http://data.glygen.org/datasets/source/human_protein_position_pmid_id_aminoacid_glytoucan_2018_09_04_07_51_27.txt", "access_time": "2018-10-10T11:34:02-5:00"}}, {"uri": {"filename": "human_protein_all.fasta", "uri": "http://data.glygen.org/GLYDS00053", "access_time": "2018-10-10T11:34:02-5:00"}}], "output_subdomain": [{"mediatype": "csv/text", "uri": {"filename": "human_proteoform_glycosylation_sites_unicarbkb_glytoucan.log", "uri": "http://data.glygen.org/datasets/logs/human_proteoform_glycosylation_sites_unicarbkb_glytoucan.log", "access_time": "2018-10-10T11:37:02-5:00"}}, {"mediatype": "csv/text", "uri": {"filename": "human_proteoform_glycosylation_sites_unicarbkb_glytoucan.csv", "uri": "http://data.glygen.org/GLYDS00040", "access_time": "2018-10-10T11:37:02-5:00"}}]}, "error_domain": {"empirical_error": {"statistics": [{"comment": "Unique value statistics for the dataset"}, {"key": "uniprotkb_canonical_ac", "value": 92, "description": "Accession assigned to the protein isoform chosen to be the canonical sequence in UniProtKB database"}, {"key": "glycosylation_site", "value": 223, "description": "Site on the protein sequence where glycosylation is observed"}, {"key": "evidence", "value": 163, "description": "NCBI PubMed Id (PMID) as evidence for the entry"}, {"key": "unicarbkb_id", "value": 984, "description": "UnicarbKB data structure identifier"}, {"key": "glytoucan_ac", "value": 824, "description": "Unique accession assigned to the registered glycan structure in GlyTouCan database"}, {"key": "amino_acid", "value": 3, "description": "Three letter code abbreviation of the amino acid"}, {"key": "glycosylation_type", "value": 3, "description": "Type of glycosylation [linkage type]"}]}, "algorithmic_error": {}}, "extension_domain": [{"extension_schema": "http://www.w3id.org/biocompute/extension_domain/1.1.0/dataset/dataset_extension.json", "dataset_extension": {"additional_license": {"data_license": "https://creativecommons.org/licenses/by/4.0/", "scripts_license": "https://www.gnu.org/licenses/gpl-3.0.en.html"}, "dataset_categories": [{"category_value": "Homo sapiens", "category_name": "species"}, {"category_value": "protein", "category_name": "molecule"}, {"category_value": "Protein Canonical Accessions", "category_name": "tag"}, {"category_value": "csv", "category_name": "file_type"}, {"category_value": "reviewed", "category_name": "status"}, {"category_value": "internal", "category_name": "scope"}]}}]}','','http://127.0.0.1:8000/BCO_000001/DRAFT','IEEE','DRAFT','2022-02-24 20:55:10.125666','bco_drafter','jdoe73','BCO');
INSERT INTO api_bco VALUES(3,'{"provenance_domain": {"embargo": {}, "contributors": [{"name": "Charles Hadley King", "affiliation": "George Washington University", "email": "hadley_king@gwu.edu", "contribution": ["createdBy", "curatedBy"], "orcid": "https://orcid.org/0000-0003-1409-4549"}, {"name": "Eric Donaldson", "affiliation": "FDA", "email": "Eric.Donaldson@fda.hhs.gov", "contribution": ["authoredBy"]}], "review": [{"status": "approved", "reviewer_comment": "Approved by GW staff. Waiting for approval from FDA Reviewer", "date": "2020-04-21T14:17:21-0400", "reviewer": {"name": "Hadley Kinga", "email": "hadley_king@gwmail.gwu.edu", "affiliation": "George Washington University", "contribution": ["createdBy"]}}], "name": "HCV1a ledipasvir resistance SNP detection", "version": "1.5", "license": "https://spdx.org/licenses/CC-BY-4.0.html", "created": "2020-04-28T18:21:31.465Z", "modified": "2021-09-08T13:42:22.111771"}, "description_domain": {"keywords": ["HCV1a", "Ledipasvir", "antiviral resistance", "SNP", "amino acid substitutions"], "xref": [{"namespace": "pubchem.compound", "name": "PubChem-compound", "ids": ["67505836"], "access_time": "2020-01-31T06:00:00.000Z"}, {"namespace": "pubmed", "name": "PubMed", "ids": ["26508693"], "access_time": "2020-01-01T07:00:00.000Z"}, {"namespace": "so", "name": "Sequence Ontology", "ids": ["SO:000002", "SO:0000694", "SO:0000667", "SO:0000045"], "access_time": "2020-01-01T06:00:00.000Z"}, {"namespace": "taxonomy", "name": "Taxonomy", "ids": ["31646"], "access_time": "2020-01-01T07:00:00.000Z"}], "platform": ["HIVE"], "pipeline_steps": [{"step_number": 1, "name": "HIVE-hexagon", "description": "Alignment of reads to a set of references", "version": "1.3", "prerequisite": [{"name": "Hepatitis C virus genotype 1", "uri": {"uri": "http://www.ncbi.nlm.nih.gov/nuccore/22129792", "access_time": "2017-01-24T09:40:17-0500"}}, {"name": "Hepatitis C virus type 1b complete genome", "uri": {"uri": "http://www.ncbi.nlm.nih.gov/nuccore/5420376", "access_time": "2017-01-24T09:40:17-0500"}}, {"name": "Hepatitis C virus (isolate JFH-1) genomic RNA", "uri": {"uri": "http://www.ncbi.nlm.nih.gov/nuccore/13122261", "access_time": "2017-01-24T09:40:17-0500"}}, {"name": "Hepatitis C virus clone J8CF, complete genome", "uri": {"uri": "http://www.ncbi.nlm.nih.gov/nuccore/386646758", "access_time": "2017-01-24T09:40:17-0500"}}, {"name": "Hepatitis C virus S52 polyprotein gene", "uri": {"uri": "http://www.ncbi.nlm.nih.gov/nuccore/295311559", "access_time": "2017-01-24T09:40:17-0500"}}], "input_list": [{"uri": "http://example.com/dna.cgi?cmd=objFile&ids=514683", "access_time": "2017-01-24T09:40:17-0500"}, {"uri": "http://example.com/dna.cgi?cmd=objFile&ids=514682", "access_time": "2017-01-24T09:40:17-0500"}], "output_list": [{"uri": "http://example.com/data/514769/allCount-aligned.csv", "access_time": "2017-01-24T09:40:17-0500"}]}, {"step_number": 2, "name": "HIVE-heptagon", "description": "variant calling", "version": "1.3", "input_list": [{"uri": "http://example.com/data/514769/dnaAccessionBased.csv", "access_time": "2017-01-24T09:40:17-0500"}], "output_list": [{"uri": "http://example.com/data/514801/SNPProfile.csv", "access_time": "2017-01-24T09:40:17-0500"}, {"uri": "http://example.com/data/14769/allCount-aligned.csv", "access_time": "2017-01-24T09:40:17-0500"}]}]}, "execution_domain": {"script": [{"uri": {"uri": "https://example.com/workflows/antiviral_resistance_detection_hive.py"}}], "script_driver": "shell", "software_prerequisites": [{"name": "HIVE-hexagon", "version": "babajanian.1", "uri": {"uri": "http://example.com/dna.cgi?cmd=dna-hexagon&cmdMode=-", "access_time": "2017-01-24T09:40:17-0500", "sha1_checksum": "d60f506cddac09e9e816531e7905ca1ca6641e3c"}}, {"name": "HIVE-heptagon", "version": "albinoni.2", "uri": {"uri": "http://example.com/dna.cgi?cmd=dna-heptagon&cmdMode=-", "access_time": "2017-01-24T09:40:17-0500"}}], "external_data_endpoints": [{"name": "HIVE", "url": "http://example.com/dna.cgi?cmd=login"}, {"name": "access to e-utils", "url": "http://eutils.ncbi.nlm.nih.gov/entrez/eutils/"}], "environment_variables": {"HOSTTYPE": "x86_64-linux", "EDITOR": "vim"}}, "io_domain": {"input_subdomain": [{"uri": {"filename": "Hepatitis C virus genotype 1", "uri": "http://www.ncbi.nlm.nih.gov/nuccore/22129792", "access_time": "2017-01-24T09:40:17-0500"}}, {"uri": {"filename": "Hepatitis C virus type 1b complete genome", "uri": "http://www.ncbi.nlm.nih.gov/nuccore/5420376", "access_time": "2017-01-24T09:40:17-0500"}}, {"uri": {"filename": "Hepatitis C virus (isolate JFH-1) genomic RNA", "uri": "http://www.ncbi.nlm.nih.gov/nuccore/13122261", "access_time": "2017-01-24T09:40:17-0500"}}, {"uri": {"uri": "http://www.ncbi.nlm.nih.gov/nuccore/386646758", "access_time": "2017-01-24T09:40:17-0500"}}, {"uri": {"filename": "Hepatitis C virus S52 polyprotein gene", "uri": "http://www.ncbi.nlm.nih.gov/nuccore/295311559", "access_time": "2017-01-24T09:40:17-0500"}}, {"uri": {"filename": "HCV1a_drug_resistant_sample0001-01", "uri": "http://example.com/nuc-read/514682", "access_time": "2017-01-24T09:40:17-0500"}}, {"uri": {"filename": "HCV1a_drug_resistant_sample0001-02", "uri": "http://example.com/nuc-read/514683", "access_time": "2017-01-24T09:40:17-0500"}}], "output_subdomain": [{"mediatype": "text/csv", "uri": {"uri": "http://example.com/data/514769/dnaAccessionBased.csv", "access_time": "2017-01-24T09:40:17-0500"}}, {"mediatype": "text/csv", "uri": {"uri": "http://example.com/data/514801/SNPProfile*.csv", "access_time": "2017-01-24T09:40:17-0500"}}]}, "error_domain": {"empirical_error": {"false_negative_alignment_hits": "<0.0010", "false_discovery": "<0.05"}, "algorithmic_error": {"false_positive_mutation_calls_discovery": "<0.00005", "false_discovery": "0.005"}}, "etag": "06c56ccdeeea2e805dd909302d5ab05d3e31c8e16fed17a27510cb00f53cc59e", "parametric_domain": [{"param": "seed", "value": "14", "step": "1"}, {"param": "minimum_match_len", "value": "66", "step": "1"}, {"param": "divergence_threshold_percent", "value": "0.30", "step": "1"}, {"param": "minimum_coverage", "value": "15", "step": "2"}, {"param": "freq_cutoff", "value": "0.10", "step": "2"}], "usability_domain": ["Identify baseline single nucleotide polymorphisms (SNPs)[SO:0000694], (insertions)[SO:0000667], and (deletions)[SO:0000045] that correlate with reduced (ledipasvir)[pubchem.compound:67505836] antiviral drug efficacy in (Hepatitis C virus subtype 1)[taxonomy:31646]"], "object_id": "http://127.0.0.1:8000/BCO_000000/1.0", "spec_version": "https://w3id.org/ieee/ieee-2791-schema/2791object.json", "parametricDomain": "", "extension_domain": ""}','','http://127.0.0.1:8000/BCO_000000/1.0','IEEE','PUBLISHED','2022-02-24 21:00:48','hivelab12','hivelab12','BCO');
INSERT INTO api_bco VALUES(4,'{"object_id": "http://127.0.0.1:8000/BCO_000003/DRAFT", "spec_version": "https://w3id.org/ieee/ieee-2791-schema/2791object.json", "etag": "089dbf204912cba6454a320a578825f4996e3d08d2e908944bb1f76077d36011", "provenance_domain": {"name": "WGS Simulation of DUF1220 Regions", "version": "1.0", "created": "2020-08-30T11:00:52.937Z", "modified": "2022-02-24T21:27:31.711Z", "review": [], "contributors": [{"name": "Mike Taylor", "orcid": "https://orcid.org/0000-0002-1003-5675", "affiliation": "GWU", "contribution": ["createdBy"], "email": "mtaylor@example.edu"}, {"name": "Josiah S. Carberry", "orcid": "https://orcid.org/0000-0002-1825-0097", "affiliation": "GWU", "contribution": ["curatedBy"], "email": "jcarberry@example.edu"}, {"affiliation": "Creator", "contribution": ["createdBy"], "email": "keeneyjg@gwu.edu", "name": "Jonathon Keeney"}], "license": "https://opensource.org/licenses/MIT"}, "usability_domain": ["Pipeline for identifying copy number of genetic sequences independent of the genes in which they occur, and with higher fidelity than existing methods. Approximately 25 individuals were randomly chosen from each of the CEU, YRI, CHB, JPT, MXL, CLM, PUR, ASW, LWK, CHS, TSI, IBS, FIN, and BGR populations for a total of 324 individuals. Where domains were more than 1 kb apart, the boundaries of the domains were extended up to 250 bp to allow the possibility of capturing unique sequence directly adjacent to the domain. This example pipeline was created based on the work of Astling et al. doi: 10.1186/s12864-017-3976-z"], "description_domain": {"keywords": ["Genome", "Genomics", "Simulation", "Alignment", "Alignment-Strategies", "copy-number-variation", "cnv", "DUF1220", "Genome informatics", "Next-generation sequencing", "Bioinformatics"], "platform": [], "pipeline_steps": [{"name": "Spike-In Simulate Reads", "version": "1.0.0", "step_number": 0, "input_list": [{"uri": "http://example.com/data/514769/genome.fasta]"}], "output_list": [{"uri": "http://example.com/data/514769/simulated.fasta]"}], "prerequisite": [{"name": "1_simulate_readlengths.sh", "uri": {"uri": "https://github.com/dpastling/DUF1220_simulation/blob/master/code/simulation_spikein/1_simulate_readlengths.sh", "filename": "1_simulate_readlengths.sh"}}], "description": "This script simulates the reads for the ''spike-in'' simulation. Single and paired-reads can be randomly sampled from the reference gene (hg38.) To simulate duplication or deletion events, the number of reads were varied to simulate one to ten copies of each DUF1220 domain."}, {"name": "Cutadapt", "version": "1.3.1", "step_number": 1, "input_list": [{"uri": "http://example.com/data/514769/genome.fasta]", "access_time": "2019-08-12T23:11:18.000Z"}], "output_list": [{"uri": "http://example.com/data/514769/cut.fasta]", "access_time": "2019-08-12T23:11:18.369Z"}], "description": "This tool trims reads to remove low quality bases (Phred score < 10)."}, {"name": "Spike-In Trim and Filter Reads", "version": "1.0.0", "step_number": 2, "input_list": [{"uri": "http://example.com/data/514769/cut.fasta]"}], "output_list": [{"uri": "http://example.com/data/514769/TrimmedFiltered.fasta]"}], "prerequisite": [{"name": "2_trim_spikein.sh", "uri": {"access_time": "2019-08-12T23:11:18.369Z", "uri": "https://github.com/dpastling/DUF1220_simulation/blob/master/code/simulation_spikein/2_trim_spikein.sh", "filename": "2_trim_spikein.sh"}}], "description": "This script filters and trims reads down to 100 bp to remove low quality bases from the ends."}, {"name": "Spike-In Align Reads to the Genome Reference", "version": "1.0.0", "step_number": 3, "input_list": [{"uri": "http://example.com/data/514769/TrimmedFiltered.fasta]"}], "output_list": [{"uri": "http://example.com/data/514769/mapped.csv]"}], "prerequisite": [{"name": "bowtie2_spikein.sh", "uri": {"access_time": "2019-08-12T19:11:18.369303", "uri": "https://github.com/dpastling/DUF1220_simulation/blob/master/code/simulation_spikein/bowtie2_spikein.sh", "filename": "bowtie2_spikein.sh"}}], "description": "Alignment of reads to genome. This workflow used the ''best'' alignment for each read."}, {"name": "Calculate Spike-In Coverage for each DUF1220 domain", "version": "1.0.0", "step_number": 4, "input_list": [{"uri": "http://example.com/data/514769/mapped.csv]"}], "output_list": [{"uri": "http://example.com/data/514769/coverage.csv]"}], "prerequisite": [{"name": "make_bed_spikein.sh", "uri": {"access_time": "2019-08-12T23:11:18.369Z", "uri": "https://github.com/dpastling/DUF1220_simulation/blob/master/code/simulation_spikein/make_bed_spikein.sh", "filename": "make_bed_spikein.sh"}}], "description": "This script calculates coverage for each DUF1220 domain."}, {"name": "Baseline Simulate Reads", "version": "1.0.0", "step_number": 5, "output_list": [{"uri": "http://example.com/data/514769/baseline.fasta"}], "prerequisite": [{"name": "Human genome build 38", "uri": {"access_time": "2019-08-12T23:11:18.369Z", "uri": "ftp://ftp-trace.ncbi.nih.gov/1000genomes/ftp/technical/reference/GRCh38_reference_genome/GRCh38_full_analysis_set_plus_decoy_hla.fa", "filename": "GRCh38_full_analysis_set_plus_decoy_hla.fa"}}], "description": "This script simulates the reads for the baseline simulation. Single and paired-reads were randomly sampled from the reference gene (hg38). To simulate duplication or deletion events, the number of reads were varied to simulate one to ten copies of each DUF1220 domain. To obtain reads for a single domain, reads overlapping a DUF1220 domain of interest were isolated and aligned back to the genome using each of the alignment strategies below.", "input_list": [{"uri": "http://example.com/data/514769/coverage.csv"}]}, {"name": "Baseline Trim and Filter Reads", "version": "1.0.0", "step_number": 6, "input_list": [{"uri": "http://example.com/data/514769/baseline.fasta]"}], "output_list": [{"uri": "http://example.com/data/514769/baselineTrimmed.fasta]"}], "prerequisite": [{"name": "2_trim_replicates.sh", "uri": {"uri": "https://github.com/dpastling/DUF1220_simulation/blob/master/code/simulation_baseline/2_trim_replicates.sh", "filename": "2_trim_replicates.sh"}}], "description": "This script filters and trims reads down to 100 bp to remove low quality bases from the ends."}, {"name": "Baseline Align Reads to the Genome Reference", "version": "1.0.0", "step_number": 7, "input_list": [{"uri": "http://example.com/data/514769/baselineTrimmed.fasta]"}], "output_list": [{"uri": "http://example.com/data/514769/baselineAligned.csv]"}], "prerequisite": [{"name": "bowtie2_replicates.sh", "uri": {"uri": "https://github.com/dpastling/DUF1220_simulation/blob/master/code/simulation_baseline/bowtie2_replicates.sh", "filename": "bowtie2_replicates.sh"}}], "description": "Alignment of reads to genome. This workflow used the ''best'' alignment for each read."}, {"name": "Calculate Baseline Coverage for each DUF1220 Domain", "version": "1.0.0", "step_number": 8, "input_list": [{"uri": "http://example.com/data/514769/baselineAligned.fasta]"}], "output_list": [{"uri": "http://example.com/data/514769/baselineCoverage.csv]"}], "prerequisite": [{"name": "make_bed_replicates.sh", "uri": {"uri": "https://github.com/dpastling/DUF1220_simulation/blob/master/code/simulation_baseline/make_bed_replicates.sh", "filename": "make_bed_replicates.sh"}}, {"name": "Ultra Conserved Elements", "uri": {"uri": "http://ucbase.unimore.it/"}}, {"name": "Database of Genomic Variants", "uri": {"access_time": "2019-08-12T23:11:18.369Z", "uri": "http://dgv.tcag.ca/"}}], "description": "This script calculates coverage for each DUF1220 domain."}, {"name": "Result Analysis", "version": "1.0.0", "step_number": 9, "prerequisite": [{"name": "spikein_analysis.R", "uri": {"uri": "https://github.com/dpastling/DUF1220_simulation/blob/master/code/analysis/spikein_analysis.R", "filename": "spikein_analysis.R"}}, {"name": "replicate_analysis.R", "uri": {"access_time": "2019-08-12T23:11:18.369Z", "uri": "https://github.com/dpastling/DUF1220_simulation/blob/master/code/analysis/replicate_analysis.R", "filename": "replicate_analysis.R"}}, {"name": "load_data.R", "uri": {"access_time": "2019-08-12T23:11:18.369Z", "uri": "https://github.com/dpastling/DUF1220_simulation/blob/master/code/analysis/load_data.R", "filename": "load_data.R"}}, {"name": "normalize.R", "uri": {"access_time": "2019-08-12T23:11:18.369Z", "uri": "https://github.com/dpastling/DUF1220_simulation/blob/master/code/analysis/normalize.R", "filename": "normalize.R"}}], "description": "These scripts compile, parse, and analyze the results files in R. spikein_analysis.R processes the result files for the spikein simulation. replicate_analysis.R processes the result files for the baseline simulation. load_data.R gathers all of the result files into a single data frame. normalize.R normalizes the data depending which type of analysis was run.", "input_list": [{"uri": "https://github.com/kee007ney/hello-world/blob/master/sampleDataIn.txt"}], "output_list": [{"uri": "https://github.com/kee007ney/hello-world/blob/master/sampleDataOut.txt"}]}]}, "execution_domain": {"script": [{"uri": {"uri": "http://isoredirect.centos.org/centos/8/isos/x86_64/", "filename": "Linux CentOS 7"}}], "script_driver": "shell", "software_prerequisites": [{"name": "Bowtie2", "version": "2.2.5", "uri": {"access_time": "2019-08-12T23:11:18.369Z", "uri": "http://bowtie-bio.sourceforge.net/bowtie2/index.shtml"}}, {"name": "Bedtools", "version": "2.17.0", "uri": {"access_time": "2019-08-12T23:11:18.369Z", "uri": "https://bedtools.readthedocs.io/en/latest/"}}, {"name": "Samtools", "version": "0.1.19-44428cd", "uri": {"access_time": "2019-08-12T23:11:18.369Z", "uri": "http://samtools.sourceforge.net/", "filename": "https://sourceforge.net/projects/samtools/files/samtools/0.1.19/samtools-0.1.19.tar.bz2/download"}}, {"name": "mrsFAST-Ultra", "version": "3.3.11", "uri": {"access_time": "2019-08-12T23:11:18.369Z", "uri": "http://sfu-compbio.github.io/mrsfast/", "filename": "https://github.com/sfu-compbio/mrsfast/zipball/master"}}, {"name": "Bowtie1", "version": "1.1.2", "uri": {"access_time": "2019-08-12T23:11:18.369Z", "uri": "http://bowtie-bio.sourceforge.net/index.shtml", "filename": "https://sourceforge.net/projects/bowtie-bio/files/bowtie/1.1.2/bowtie-1.1.2-src.zip/download"}}, {"name": "Perl module: Math::Random", "version": "0.72", "uri": {"access_time": "2019-08-12T23:11:18.369Z", "uri": "https://cpan.metacpan.org/authors/id/G/GR/GROMMEL/Math-Random-0.72.tar.gz", "filename": "Math-Random-0.72.tar.gz"}}, {"name": "Perl module: Math::Complex", "version": "1.59", "uri": {"access_time": "2019-08-12T23:11:18.369Z", "uri": "http://ftp.altlinux.org/pub/distributions/ALTLinux/Sisyphus/noarch/RPMS.classic//perl-Math-Complex-1.59-alt1.noarch.rpm", "filename": "perl-Math-Complex-1.59-alt1.noarch.rpm"}}], "external_data_endpoints": [{"name": "access to e-utils", "url": "http://eutils.ncbi.nlm.nih.gov/entrez/eutils/"}], "environment_variables": {"HOSTTYPE": "x86_64-linux", "EDITOR": "vim"}}, "io_domain": {"input_subdomain": [{"uri": {"uri": "ftp://ftp.1000genomes.ebi.ac.uk/vol1/ftp/data_collections/"}}], "output_subdomain": [{"uri": {"uri": "http://example.com/data/514769/analyzed.csv"}, "mediatype": "TEXT/CSS"}]}, "parametric_domain": [{"step": "1", "param": "command line args", "value": "cutadapt -a XXX -A XXX -q 10 -minimum-length 80 -trim-n"}, {"step": "7", "param": "command line arg", "value": "--very-sensitive"}, {"step": "7", "param": "max insert size", "value": "800"}]}','','http://127.0.0.1:8000/BCO_000003/DRAFT','IEEE','DRAFT','2022-02-24 21:34:24.165084','bco_drafter','hivelab12','BCO');
DELETE FROM sqlite_sequence;
INSERT INTO sqlite_sequence VALUES('django_migrations',27);
INSERT INTO sqlite_sequence VALUES('django_admin_log',7);
INSERT INTO sqlite_sequence VALUES('django_content_type',18);
INSERT INTO sqlite_sequence VALUES('auth_permission',115);
INSERT INTO sqlite_sequence VALUES('auth_group',11);
INSERT INTO sqlite_sequence VALUES('auth_user',9);
INSERT INTO sqlite_sequence VALUES('auth_user_groups',44);
INSERT INTO sqlite_sequence VALUES('auth_user_user_permissions',30);
INSERT INTO sqlite_sequence VALUES('auth_group_permissions',46);
INSERT INTO sqlite_sequence VALUES('api_bco',4);
INSERT INTO sqlite_sequence VALUES('guardian_userobjectpermission',13);
INSERT INTO sqlite_sequence VALUES('guardian_groupobjectpermission',3);
CREATE UNIQUE INDEX "auth_group_permissions_group_id_permission_id_0cd325b0_uniq" ON "auth_group_permissions" ("group_id", "permission_id");
CREATE INDEX "auth_group_permissions_group_id_b120cbf9" ON "auth_group_permissions" ("group_id");
CREATE INDEX "auth_group_permissions_permission_id_84c5c92e" ON "auth_group_permissions" ("permission_id");
CREATE UNIQUE INDEX "auth_user_groups_user_id_group_id_94350c0c_uniq" ON "auth_user_groups" ("user_id", "group_id");
CREATE INDEX "auth_user_groups_user_id_6a12ed8b" ON "auth_user_groups" ("user_id");
CREATE INDEX "auth_user_groups_group_id_97559544" ON "auth_user_groups" ("group_id");
CREATE UNIQUE INDEX "auth_user_user_permissions_user_id_permission_id_14a6b632_uniq" ON "auth_user_user_permissions" ("user_id", "permission_id");
CREATE INDEX "auth_user_user_permissions_user_id_a95ead1b" ON "auth_user_user_permissions" ("user_id");
CREATE INDEX "auth_user_user_permissions_permission_id_1fbb5f2c" ON "auth_user_user_permissions" ("permission_id");
CREATE INDEX "django_admin_log_content_type_id_c4bce8eb" ON "django_admin_log" ("content_type_id");
CREATE INDEX "django_admin_log_user_id_c564eba6" ON "django_admin_log" ("user_id");
CREATE UNIQUE INDEX "django_content_type_app_label_model_76bd3d3b_uniq" ON "django_content_type" ("app_label", "model");
CREATE UNIQUE INDEX "auth_permission_content_type_id_codename_01ab375a_uniq" ON "auth_permission" ("content_type_id", "codename");
CREATE INDEX "auth_permission_content_type_id_2f476e4b" ON "auth_permission" ("content_type_id");
CREATE UNIQUE INDEX "guardian_userobjectpermission_user_id_permission_id_object_pk_b0b3d2fc_uniq" ON "guardian_userobjectpermission" ("user_id", "permission_id", "object_pk");
CREATE UNIQUE INDEX "guardian_groupobjectpermission_group_id_permission_id_object_pk_3f189f7c_uniq" ON "guardian_groupobjectpermission" ("group_id", "permission_id", "object_pk");
CREATE INDEX "guardian_groupobjectpermission_content_type_id_7ade36b8" ON "guardian_groupobjectpermission" ("content_type_id");
CREATE INDEX "guardian_groupobjectpermission_group_id_4bbbfb62" ON "guardian_groupobjectpermission" ("group_id");
CREATE INDEX "guardian_groupobjectpermission_permission_id_36572738" ON "guardian_groupobjectpermission" ("permission_id");
CREATE INDEX "guardian_userobjectpermission_content_type_id_2e892405" ON "guardian_userobjectpermission" ("content_type_id");
CREATE INDEX "guardian_userobjectpermission_permission_id_71807bfc" ON "guardian_userobjectpermission" ("permission_id");
CREATE INDEX "guardian_userobjectpermission_user_id_d5c1e964" ON "guardian_userobjectpermission" ("user_id");
CREATE INDEX "guardian_gr_content_ae6aec_idx" ON "guardian_groupobjectpermission" ("content_type_id", "object_pk");
CREATE INDEX "guardian_us_content_179ed2_idx" ON "guardian_userobjectpermission" ("content_type_id", "object_pk");
CREATE INDEX "django_session_expire_date_a5c62663" ON "django_session" ("expire_date");
CREATE INDEX "api_groupinfo_owner_user_id_bdcf3f3f" ON "api_groupinfo" ("owner_user_id");
CREATE INDEX "api_prefix_created_by_id_b9b75f8e" ON "api_prefix" ("created_by_id");
CREATE INDEX "api_prefix_owner_group_id_f65f0563" ON "api_prefix" ("owner_group_id");
CREATE INDEX "api_prefix_owner_user_id_b669a7dc" ON "api_prefix" ("owner_user_id");
CREATE INDEX "api_bco_owner_group_id_c313fc32" ON "api_bco" ("owner_group_id");
CREATE INDEX "api_bco_owner_user_id_0fd6de3a" ON "api_bco" ("owner_user_id");
CREATE INDEX "api_bco_prefix_id_9c1c756a" ON "api_bco" ("prefix_id");
COMMIT;
